1027,252,128,18,252,24,1,1008,0,510,0.0001,0.0023
1047.7,562.16,131.05,358.03,559.51,23.914,3.1418,688.98,2.6482,509.31,6.8204,0.002338
1068.8,870.26,134.23,589.98,863.04,23.839,5.3199,478.34,7.2205,508.89,7.6423,0.0023767
1090.3,1176.5,137.5,750.97,1162.9,23.769,7.5351,339.01,13.626,508.61,8.1054,0.002416
1112.2,1481.1,140.85,864.86,1459.3,23.703,9.7884,247.17,21.798,508.41,8.4018,0.0024559
1134.6,1784.1,144.29,947.66,1752.4,23.638,12.081,186.83,31.671,508.28,8.6076,0.0024964
1157.5,2085.8,147.81,1010.1,2042.6,23.575,14.413,147.27,43.17,508.22,8.7586,0.0025376
1180.8,2386.3,151.4,1059.1,2330.1,23.514,16.786,121.63,56.252,508.21,8.8739,0.0025795
1204.5,2685.9,155.08,1099.4,2615,23.454,19.2,105.09,70.842,508.26,8.9647,0.002622
1228.8,2984.6,158.84,1134.2,2897.8,23.394,21.657,94.569,86.867,508.35,9.0379,0.0026652
1253.5,3282.7,162.69,1165.4,3178.4,23.336,24.157,88.107,104.29,508.5,9.0982,0.002709
1278.8,3580.3,166.62,1194.4,3457.3,23.278,26.701,84.348,123.08,508.69,9.1485,0.0027536
1304.5,3877.6,170.63,1222.1,3734.5,23.222,29.29,82.377,143.16,508.94,9.1911,0.0027989
1330.8,4174.8,174.74,1249.2,4010.3,23.166,31.925,81.6,164.5,509.23,9.2275,0.0028449
1357.6,4472,178.93,1275.9,4284.9,23.111,34.607,81.627,187.04,509.57,9.259,0.0028916
1384.9,4769.3,183.21,1302.7,4558.5,23.056,37.336,82.195,210.75,509.96,9.2865,0.002939
1412.8,5067,187.59,1329.6,4831.4,23.003,40.115,83.14,235.6,510.4,9.3106,0.0029872
1441.2,5365.1,192.06,1356.9,5103.6,22.95,42.944,84.343,261.55,510.89,9.3318,0.0030362
1470.2,5663.9,196.63,1384.5,5375.4,22.898,45.823,85.729,288.56,511.42,9.3507,0.0030859
1499.8,5963.6,201.3,1412.6,5646.9,22.847,48.754,87.249,316.61,512.02,9.3676,0.0031364
1530,6264.1,206.06,1441.2,5918.5,22.796,51.738,88.868,345.66,512.66,9.3827,0.0031877
1560.9,6565.8,210.93,1470.3,6190.2,22.746,54.777,90.567,375.69,513.35,9.3963,0.0032398
1592.3,6868.8,215.91,1499.9,6462.2,22.697,57.87,92.331,406.66,514.1,9.4085,0.0032927
1624.3,7173.3,220.99,1530.2,6734.7,22.648,61.02,94.152,438.58,514.9,9.4196,0.0033464
1657.1,7479.3,226.18,1561,7007.9,22.6,64.228,96.023,471.41,515.76,9.4297,0.003401
1690.4,7787,231.48,1592.5,7281.9,22.553,67.495,97.941,505.12,516.68,9.4388,0.0034564
1724.5,8096.7,236.9,1624.6,7557,22.507,70.821,99.904,539.7,517.65,9.4472,0.0035127
1759.2,8408.4,242.43,1657.3,7833.3,22.461,74.208,101.91,575.13,518.68,9.4548,0.0035698
1794.7,8722.3,248.08,1690.7,8110.9,22.417,77.658,103.96,611.4,519.77,9.4618,0.0036278
1830.8,9038.6,253.85,1724.8,8390.1,22.372,81.171,106.05,648.49,520.92,9.4682,0.0036868
1867.7,9357.3,259.74,1759.5,8670.9,22.329,84.749,108.19,686.4,522.13,9.474,0.0037466
1905.3,9678.8,265.75,1794.9,8953.7,22.287,88.393,110.37,725.1,523.4,9.4794,0.0038074
1943.7,10003,271.9,1831.1,9238.4,22.245,92.105,112.59,764.59,524.73,9.4844,0.003869
1982.8,10330,278.17,1868,9525.3,22.204,95.886,114.86,804.87,526.14,9.4889,0.0039317
2022.8,10661,284.58,1905.6,9814.6,22.163,99.737,117.18,845.92,527.6,9.4932,0.0039953
2063.5,10994,291.13,1944,10106,22.124,103.66,119.54,887.74,529.14,9.497,0.0040598
2105.1,11331,297.81,1983.1,10401,22.085,107.66,121.95,930.33,530.74,9.5006,0.0041253
2147.5,11672,304.63,2023.1,10698,22.048,111.73,124.41,973.68,532.41,9.5039,0.0041919
2190.8,12016,311.6,2063.8,10998,22.011,115.87,126.92,1017.8,534.15,9.5069,0.0042594
2234.9,12364,318.72,2105.4,11302,21.974,120.1,129.48,1062.7,535.97,9.5097,0.004328
2279.9,12717,325.98,2147.8,11609,21.939,124.4,132.09,1108.3,537.86,9.5123,0.0043976
2325.8,13073,333.4,2191.1,11919,21.905,128.79,134.75,1154.7,539.82,9.5147,0.0044682
2372.7,13434,340.98,2235.2,12232,21.871,133.25,137.47,1201.8,541.86,9.5169,0.0045399
2420.5,13800,348.71,2280.3,12550,21.838,137.8,140.24,1249.8,543.98,9.5189,0.0046127
2469.3,14170,356.61,2326.2,12872,21.806,142.44,143.07,1298.5,546.18,9.5208,0.0046866
2519,14545,364.67,2373.1,13197,21.776,147.17,145.96,1347.9,548.46,9.5225,0.0047616
2569.8,14925,372.91,2420.9,13527,21.746,151.98,148.9,1398.2,550.82,9.5241,0.0048376
2621.5,15310,381.32,2469.6,13861,21.717,156.89,151.9,1449.2,553.26,9.5255,0.0049149
2674.4,15701,389.9,2519.4,14200,21.689,161.89,154.97,1501,555.8,9.5268,0.0049932
2728.2,16097,398.66,2570.1,14544,21.661,166.98,158.1,1553.6,558.42,9.528,0.0050728
2783.2,16499,407.61,2621.9,14892,21.635,172.17,161.29,1607.1,561.13,9.5292,0.0051535
2839.3,16907,416.75,2674.7,15246,21.61,177.47,164.54,1661.3,563.93,9.5302,0.0052353
2896.5,17321,426.08,2728.6,15604,21.586,182.86,167.86,1716.4,566.82,9.5311,0.0053184
2954.9,17741,435.6,2783.6,15969,21.563,188.35,171.25,1772.3,569.81,9.5319,0.0054027
3014.4,18167,445.32,2839.7,16338,21.541,193.95,174.7,1829.1,572.89,9.5327,0.0054883
3075.2,18600,455.25,2896.9,16714,21.52,199.66,178.23,1886.8,576.08,9.5333,0.005575
3137.1,19040,465.38,2955.3,17095,21.5,205.48,181.83,1945.3,579.36,9.5339,0.0056631
3200.3,19487,475.73,3014.8,17482,21.481,211.4,185.5,2004.7,582.75,9.5345,0.0057524
3264.8,19941,486.29,3075.6,17876,21.464,217.45,189.24,2065,586.24,9.5349,0.005843
3330.6,20402,497.08,3137.6,18276,21.447,223.61,193.06,2126.3,589.84,9.5354,0.0059349
3397.8,20871,508.09,3200.8,18682,21.432,229.88,196.96,2188.5,593.54,9.5357,0.0060281
3466.2,21347,519.32,3265.3,19096,21.417,236.28,200.93,2251.7,597.36,9.536,0.0061227
3536.1,21832,530.8,3331.1,19516,21.404,242.8,204.99,2315.8,601.29,9.5363,0.0062186
3607.4,22324,542.51,3398.3,19944,21.392,249.45,209.13,2380.9,605.34,9.5365,0.0063159
3680.1,22825,554.47,3466.7,20378,21.382,256.23,213.35,2447.1,609.5,9.5367,0.0064145
3754.3,23335,566.67,3536.6,20820,21.372,263.14,217.66,2514.2,613.78,9.5368,0.0065146
3830,23853,579.13,3607.9,21270,21.364,270.18,222.06,2582.4,618.19,9.5369,0.006616
3907.2,24380,591.85,3680.6,21728,21.357,277.36,226.54,2651.7,622.72,9.5369,0.0067189
3985.9,24916,604.84,3754.8,22194,21.352,284.68,231.12,2722.1,627.37,9.537,0.0068232
4066.3,25462,618.09,3830.5,22668,21.348,292.14,235.79,2793.6,632.16,9.537,0.006929
4148.3,26017,631.62,3907.7,23150,21.345,299.74,240.55,2866.3,637.08,9.5369,0.0070363
4231.9,26582,645.44,3986.5,23642,21.344,307.49,245.41,2940.1,642.14,9.5369,0.007145
4317.3,27157,659.53,4066.9,24142,21.344,315.4,250.37,3015.1,647.33,9.5368,0.0072552
4404.3,27742,673.93,4148.9,24651,21.345,323.46,255.43,3091.3,652.66,9.5367,0.007367
4493.1,28338,688.62,4232.6,25169,21.348,331.67,260.59,3168.7,658.14,9.5365,0.0074803
4583.8,28944,703.62,4317.9,25697,21.352,340.05,265.86,3247.4,663.76,9.5363,0.0075951
4676.2,29562,718.92,4405,26234,21.358,348.59,271.24,3327.4,669.53,9.5362,0.0077115
4770.5,30190,734.55,4493.8,26782,21.366,357.3,276.72,3408.7,675.46,9.536,0.0078295
4866.8,30830,750.5,4584.4,27339,21.375,366.17,282.31,3491.4,681.54,9.5357,0.007949
4964.9,31482,766.78,4676.9,27907,21.385,375.23,288.02,3575.4,687.77,9.5355,0.0080702
5065.1,32146,783.4,4771.2,28485,21.398,384.45,293.85,3660.8,694.17,9.5353,0.0081929
5167.3,32822,800.36,4867.5,29075,21.411,393.86,299.79,3747.6,700.74,9.535,0.0083174
5271.5,33511,817.67,4965.7,29675,21.427,403.46,305.86,3835.9,707.47,9.5347,0.0084434
5377.9,34212,835.35,5065.8,30287,21.444,413.24,312.04,3925.7,714.37,9.5344,0.0085712
5486.4,34927,853.39,5168,30910,21.463,423.22,318.36,4017,721.45,9.5341,0.0087006
5597.1,35654,871.8,5272.3,31545,21.484,433.39,324.8,4109.9,728.71,9.5338,0.0088317
5710.1,36396,890.59,5378.7,32191,21.507,443.76,331.37,4204.4,736.15,9.5334,0.0089645
5825.3,37151,909.77,5487.2,32851,21.531,454.34,338.08,4300.4,743.77,9.5331,0.009099
5942.9,37921,929.35,5598,33522,21.557,465.12,344.92,4398.1,751.58,9.5327,0.0092353
6062.8,38705,949.34,5710.9,34207,21.586,476.12,351.91,4497.6,759.59,9.5324,0.0093733
6185.2,39503,969.73,5826.2,34905,21.616,487.33,359.03,4598.7,767.79,9.532,0.0095131
6310.1,40317,990.55,5943.8,35616,21.648,498.77,366.3,4701.6,776.2,9.5316,0.0096546
6437.5,41146,1011.8,6063.8,36340,21.682,510.43,373.72,4806.3,784.81,9.5312,0.009798
6567.5,41991,1033.5,6186.2,37079,21.718,522.32,381.29,4912.8,793.63,9.5309,0.0099431
6700.1,42852,1055.6,6311.1,37831,21.757,534.45,389.02,5021.2,802.66,9.5305,0.01009
6835.4,43730,1078.2,6438.5,38599,21.797,546.82,396.9,5131.4,811.91,9.53,0.010239
6973.5,44624,1101.3,6568.5,39380,21.84,559.43,404.94,5243.7,821.39,9.5296,0.01039
7114.3,45535,1124.8,6701.2,40177,21.885,572.29,413.15,5357.9,831.09,9.5292,0.010542
7258,46464,1148.8,6836.5,40990,21.932,585.41,421.53,5474.2,841.02,9.5288,0.010696
7404.7,47410,1173.4,6974.6,41818,21.981,598.78,430.07,5592.5,851.19,9.5284,0.010853
7554.3,48375,1198.4,7115.5,42662,22.033,612.43,438.79,5712.9,861.59,9.5279,0.011011
7706.9,49358,1223.9,7259.2,43522,22.087,626.34,447.7,5835.5,872.25,9.5275,0.011171
7862.7,50360,1250,7405.9,44400,22.143,640.53,456.78,5960.3,883.15,9.5271,0.011333
8021.6,51381,1276.6,7555.5,45294,22.202,655,466.05,6087.3,894.31,9.5266,0.011497
8183.7,52422,1303.7,7708.2,46205,22.264,669.76,475.5,6216.7,905.73,9.5262,0.011662
8349.2,53483,1331.4,7864,47134,22.328,684.81,485.16,6348.3,917.42,9.5257,0.01183
8518,54564,1359.7,8023,48081,22.395,700.17,495.01,6482.4,929.38,9.5253,0.012
8690.2,55666,1388.6,8185.1,49047,22.464,715.82,505.06,6618.8,941.61,9.5248,0.012172
8865.9,56789,1418,8350.6,50031,22.536,731.8,515.31,6757.8,954.13,9.5243,0.012345
9045.2,57934,1448.1,8519.4,51035,22.611,748.08,525.78,6899.2,966.94,9.5239,0.012521
9228.2,59101,1478.8,8691.7,52058,22.689,764.7,536.47,7043.3,980.04,9.5234,0.012698
9414.9,60290,1510.1,8867.5,53100,22.77,781.64,547.37,7190,993.44,9.523,0.012878
9605.3,61503,1542.1,9046.8,54164,22.853,798.92,558.5,7339.3,1007.1,9.5225,0.01306
9799.7,62739,1574.7,9229.9,55247,22.94,816.55,569.85,7491.4,1021.2,9.522,0.013243
9998,63999,1608,9416.6,56352,23.029,834.53,581.44,7646.3,1035.5,9.5215,0.013429
10200,65283,1642,9607.1,57479,23.122,852.87,593.27,7804,1050.2,9.5211,0.013617
10407,66592,1676.6,9801.5,58627,23.218,871.58,605.34,7964.6,1065.2,9.5206,0.013806
10618,67926,1712,9999.9,59798,23.317,890.66,617.66,8128.1,1080.5,9.5201,0.013998
10833,69286,1748.1,10202,60991,23.419,910.12,630.23,8294.7,1096.2,9.5196,0.014192
11052,70672,1785,10409,62208,23.525,929.97,643.06,8464.3,1112.2,9.5191,0.014388
11276,72085,1822.6,10620,63448,23.634,950.22,656.16,8637.1,1128.6,9.5187,0.014586
11504,73525,1861,10835,64712,23.747,970.88,669.52,8813,1145.4,9.5182,0.014786
11737,74994,1900.2,11054,66001,23.863,991.94,683.17,8992.2,1162.5,9.5177,0.014988
11975,76490,1940.1,11278,67316,23.983,1013.4,697.09,9174.7,1180,9.5172,0.015192
12218,78016,1981,11506,68655,24.106,1035.4,711.3,9360.5,1197.9,9.5167,0.015398
12465,79571,2022.6,11740,70021,24.234,1057.7,725.81,9549.8,1216.2,9.5162,0.015606
12718,81156,2065.1,11977,71413,24.365,1080.5,740.61,9742.6,1234.9,9.5157,0.015816
12976,82771,2108.5,12220,72832,24.5,1103.8,755.73,9938.9,1254,9.5152,0.016029
13239,84418,2152.7,12468,74279,24.639,1127.5,771.15,10139,1273.6,9.5147,0.016243
13508,86096,2197.9,12721,75754,24.782,1151.8,786.9,10343,1293.6,9.5142,0.01646
13782,87807,2244,12979,77257,24.929,1176.5,802.97,10550,1314,9.5137,0.016678
14061,89551,2291.1,13242,78790,25.081,1201.7,819.37,10761,1334.8,9.5132,0.016899
14346,91329,2339.1,13510,80352,25.236,1227.4,836.11,10976,1356.2,9.5127,0.017121
14638,93140,2388.1,13784,81945,25.397,1253.6,853.21,11196,1378,9.5122,0.017346
14935,94987,2438.1,14064,83568,25.561,1280.3,870.65,11419,1400.2,9.5117,0.017573
15238,96869,2489.1,14349,85223,25.731,1307.6,888.46,11646,1423,9.5112,0.017802
15547,98787,2541.2,14641,86910,25.905,1335.5,906.64,11878,1446.2,9.5107,0.018033
15863,1.0074e+05,2594.4,14938,88629,26.083,1363.9,925.2,12113,1470,9.5102,0.018265
16185,1.0274e+05,2648.6,15241,90382,26.267,1392.8,944.14,12353,1494.2,9.5097,0.0185
16514,1.0477e+05,2704,15551,92168,26.455,1422.4,963.48,12598,1519,9.5091,0.018737
16850,1.0684e+05,2760.5,15867,93989,26.649,1452.5,983.22,12847,1544.4,9.5086,0.018976
17192,1.0895e+05,2818.1,16189,95845,26.848,1483.3,1003.4,13101,1570.3,9.5081,0.019217
17542,1.111e+05,2877,16518,97737,27.052,1514.7,1024,13359,1596.7,9.5076,0.01946
17898,1.1329e+05,2937,16853,99665,27.261,1546.7,1045,13622,1623.7,9.507,0.019705
18262,1.1552e+05,2998.3,17196,1.0163e+05,27.476,1579.4,1066.4,13890,1651.3,9.5065,0.019952
18634,1.178e+05,3060.8,17546,1.0363e+05,27.696,1612.7,1088.3,14163,1679.5,9.506,0.020201
19013,1.2012e+05,3124.7,17902,1.0567e+05,27.922,1646.7,1110.6,14440,1708.3,9.5054,0.020452
19400,1.2248e+05,3189.8,18266,1.0776e+05,28.154,1681.4,1133.5,14723,1737.7,9.5049,0.020704
19795,1.2489e+05,3256.3,18638,1.0988e+05,28.391,1716.8,1156.8,15011,1767.8,9.5044,0.020959
20198,1.2734e+05,3324.1,19017,1.1204e+05,28.635,1752.9,1180.5,15305,1798.5,9.5038,0.021216
20609,1.2984e+05,3393.4,19404,1.1424e+05,28.885,1789.7,1204.8,15603,1829.8,9.5033,0.021474
21029,1.3239e+05,3464,19799,1.1648e+05,29.141,1827.3,1229.6,15907,1861.9,9.5027,0.021734
21457,1.3499e+05,3536.1,20202,1.1877e+05,29.404,1865.7,1254.9,16217,1894.6,9.5022,0.021997
21894,1.3763e+05,3609.7,20613,1.211e+05,29.673,1904.8,1280.8,16532,1928,9.5016,0.022261
22340,1.4033e+05,3684.8,21033,1.2348e+05,29.948,1944.7,1307.2,16853,1962.1,9.501,0.022527
22796,1.4308e+05,3761.4,21462,1.259e+05,30.231,1985.4,1334.1,17180,1997,9.5005,0.022794
23260,1.4588e+05,3839.7,21899,1.2836e+05,30.52,2027,1361.6,17513,2032.6,9.4999,0.023064
23735,1.4873e+05,3919.5,22345,1.3088e+05,30.817,2069.4,1389.7,17851,2068.9,9.4993,0.023335
24219,1.5163e+05,4000.9,22800,1.3344e+05,31.12,2112.6,1418.4,18196,2106,9.4987,0.023608
24713,1.5459e+05,4084.1,23265,1.3605e+05,31.431,2156.8,1447.7,18547,2144,9.4982,0.023882
25217,1.5761e+05,4168.9,23739,1.3871e+05,31.75,2201.8,1477.6,18904,2182.7,9.4976,0.024159
25732,1.6068e+05,4255.5,24223,1.4141e+05,32.076,2247.7,1508.1,19268,2222.2,9.497,0.024437
26257,1.6381e+05,4343.9,24717,1.4417e+05,32.41,2294.6,1539.3,19638,2262.6,9.4964,0.024716
26793,1.67e+05,4434,25222,1.4698e+05,32.752,2342.5,1571.1,20015,2303.9,9.4958,0.024998
27340,1.7025e+05,4526.1,25736,1.4985e+05,33.102,2391.3,1603.7,20398,2346,9.4951,0.02528
27898,1.7356e+05,4620,26261,1.5277e+05,33.46,2441.1,1636.9,20788,2389,9.4945,0.025565
28468,1.7693e+05,4715.8,26797,1.5574e+05,33.827,2491.9,1670.8,21186,2432.9,9.4939,0.025851
29050,1.8036e+05,4813.7,27344,1.5877e+05,34.202,2543.8,1705.4,21590,2477.7,9.4933,0.026138
29644,1.8385e+05,4913.5,27903,1.6185e+05,34.586,2596.7,1740.8,22001,2523.5,9.4926,0.026427
30249,1.8741e+05,5015.4,28473,1.6499e+05,34.979,2650.7,1776.9,22420,2570.3,9.492,0.026717
30868,1.9104e+05,5119.4,29054,1.6819e+05,35.381,2705.7,1813.8,22846,2618,9.4913,0.027009
31499,1.9473e+05,5225.5,29648,1.7145e+05,35.793,2762,1851.4,23279,2666.8,9.4907,0.027302
32143,1.9849e+05,5333.8,30253,1.7477e+05,36.214,2819.3,1889.9,23720,2716.5,9.49,0.027597
32801,2.0232e+05,5444.3,30871,1.7816e+05,36.645,2877.8,1929.2,24168,2767.4,9.4893,0.027892
33472,2.0622e+05,5557.1,31502,1.816e+05,37.085,2937.6,1969.3,24624,2819.2,9.4886,0.028189
34157,2.102e+05,5672.2,32146,1.8511e+05,37.536,2998.5,2010.3,25089,2872.2,9.4879,0.028488
34856,2.1424e+05,5789.6,32803,1.8868e+05,37.997,3060.7,2052.1,25561,2926.3,9.4872,0.028787
35569,2.1836e+05,5909.5,33474,1.9232e+05,38.469,3124.1,2094.9,26041,2981.6,9.4865,0.029088
36297,2.2255e+05,6031.9,34159,1.9602e+05,38.951,3188.9,2138.6,26529,3038,9.4858,0.02939
37040,2.2682e+05,6156.7,34857,1.9979e+05,39.444,3255,2183.1,27026,3095.5,9.4851,0.029693
37799,2.3116e+05,6284.2,35570,2.0363e+05,39.949,3322.4,2228.7,27531,3154.3,9.4843,0.029997
38573,2.3558e+05,6414.2,36298,2.0754e+05,40.464,3391.2,2275.2,28045,3214.3,9.4836,0.030302
39363,2.4008e+05,6546.9,37040,2.1152e+05,40.992,3461.4,2322.7,28567,3275.6,9.4828,0.030608
40169,2.4467e+05,6682.4,37798,2.1557e+05,41.531,3533,2371.3,29098,3338.2,9.482,0.030915
40992,2.4933e+05,6820.6,38571,2.1969e+05,42.082,3606.1,2420.8,29638,3402,9.4813,0.031223
41832,2.5408e+05,6961.7,39361,2.2389e+05,42.646,3680.7,2471.5,30187,3467.2,9.4805,0.031531
42689,2.5891e+05,7105.7,40166,2.2816e+05,43.222,3756.9,2523.2,30745,3533.8,9.4797,0.031841
43564,2.6382e+05,7252.6,40988,2.3251e+05,43.811,3834.5,2576,31312,3601.8,9.4788,0.032151
44457,2.6882e+05,7402.6,41827,2.3694e+05,44.413,3913.8,2630,31888,3671.1,9.478,0.032462
45368,2.7391e+05,7555.6,42683,2.4144e+05,45.029,3994.7,2685.1,32474,3742,9.4772,0.032774
46297,2.7909e+05,7711.8,43556,2.4602e+05,45.658,4077.3,2741.4,33069,3814.3,9.4763,0.033086
47246,2.8436e+05,7871.2,44447,2.5069e+05,46.301,4161.5,2798.9,33674,3888.1,9.4754,0.0334
48215,2.8972e+05,8033.9,45357,2.5543e+05,46.959,4247.5,2857.7,34288,3963.4,9.4745,0.033713
49203,2.9517e+05,8199.9,46285,2.6026e+05,47.63,4335.2,2917.7,34913,4040.4,9.4736,0.034027
50211,3.0072e+05,8369.3,47232,2.6517e+05,48.317,4424.7,2979,35547,4118.9,9.4727,0.034342
51240,3.0636e+05,8542.2,48199,2.7017e+05,49.019,4516,3041.6,36191,4199.1,9.4718,0.034657
52290,3.121e+05,8718.7,49185,2.7525e+05,49.736,4609.3,3105.6,36845,4280.9,9.4708,0.034973
53362,3.1793e+05,8898.8,50191,2.8042e+05,50.469,4704.4,3170.9,37510,4364.5,9.4699,0.035288
54455,3.2386e+05,9082.6,51217,2.8568e+05,51.217,4801.5,3237.7,38184,4449.7,9.4689,0.035604
55571,3.2989e+05,9270.1,52265,2.9103e+05,51.982,4900.5,3305.8,38869,4536.8,9.4679,0.035921
56709,3.3603e+05,9461.5,53334,2.9646e+05,52.764,5001.6,3375.5,39565,4625.7,9.4669,0.036237
57871,3.4226e+05,9656.9,54424,3.0199e+05,53.563,5104.7,3446.6,40270,4716.4,9.4658,0.036554
59056,3.486e+05,9856.2,55536,3.0761e+05,54.379,5210,3519.3,40987,4809,9.4648,0.036871
60265,3.5504e+05,10060,56671,3.1333e+05,55.213,5317.4,3593.6,41714,4903.5,9.4637,0.037188
61498,3.6159e+05,10267,57829,3.1913e+05,56.065,5427,3669.4,42452,5000,9.4626,0.037505
62757,3.6824e+05,10479,59010,3.2504e+05,56.935,5538.9,3746.9,43200,5098.5,9.4615,0.037822
64041,3.75e+05,10695,60215,3.3104e+05,57.825,5653,3826,43960,5199.1,9.4604,0.038139
65351,3.8187e+05,10916,61444,3.3714e+05,58.733,5769.4,3906.8,44730,5301.7,9.4592,0.038456
66687,3.8884e+05,11141,62697,3.4333e+05,59.661,5888.3,3989.4,45511,5406.5,9.458,0.038773
68050,3.9593e+05,11371,63976,3.4963e+05,60.609,6009.5,4073.8,46303,5513.4,9.4568,0.039089
69440,4.0313e+05,11606,65280,3.5602e+05,61.577,6133.3,4159.9,47107,5622.6,9.4556,0.039406
70858,4.1044e+05,11845,66610,3.6252e+05,62.567,6259.5,4247.9,47921,5734,9.4543,0.039722
72304,4.1786e+05,12089,67967,3.6912e+05,63.577,6388.3,4337.8,48746,5847.7,9.453,0.040037
73780,4.254e+05,12338,69350,3.7582e+05,64.609,6519.8,4429.6,49583,5963.8,9.4517,0.040353
75284,4.3305e+05,12593,70761,3.8262e+05,65.663,6653.9,4523.4,50430,6082.3,9.4504,0.040668
76818,4.4082e+05,12852,72199,3.8953e+05,66.74,6790.8,4619.2,51289,6203.3,9.449,0.040982
78383,4.487e+05,13117,73666,3.9654e+05,67.839,6930.4,4717,52159,6326.7,9.4476,0.041296
79979,4.567e+05,13387,75162,4.0366e+05,68.962,7072.9,4817,53040,6452.7,9.4462,0.041609
81605,4.6482e+05,13663,76686,4.1088e+05,70.109,7218.3,4919,53932,6581.3,9.4447,0.041922
83264,4.7305e+05,13944,78241,4.1821e+05,71.281,7366.6,5023.2,54835,6712.6,9.4433,0.042234
84955,4.814e+05,14232,79826,4.2565e+05,72.477,7517.9,5129.7,55749,6846.6,9.4417,0.042546
86679,4.8987e+05,14525,81441,4.3319e+05,73.699,7672.3,5238.4,56674,6983.4,9.4402,0.042857
88437,4.9846e+05,14824,83088,4.4085e+05,74.947,7829.8,5349.4,57610,7123,9.4386,0.043167
90229,5.0716e+05,15129,84766,4.4861e+05,76.221,7990.5,5462.8,58557,7265.4,9.437,0.043476
92055,5.1599e+05,15440,86476,4.5647e+05,77.522,8154.4,5578.6,59515,7410.8,9.4353,0.043784
93916,5.2493e+05,15758,88219,4.6445e+05,78.85,8321.7,5696.8,60483,7559.2,9.4336,0.044092
95813,5.34e+05,16082,89996,4.7254e+05,80.207,8492.3,5817.5,61462,7710.7,9.4319,0.044398
97746,5.4318e+05,16412,91805,4.8073e+05,81.592,8666.3,5940.8,62452,7865.3,9.4301,0.044704
99716,5.5248e+05,16750,93649,4.8903e+05,83.007,8843.9,6066.7,63452,8023.1,9.4283,0.045008
1.0172e+05,5.619e+05,17094,95528,4.9744e+05,84.451,9025,6195.2,64462,8184.1,9.4265,0.045312
1.0377e+05,5.7144e+05,17445,97441,5.0596e+05,85.926,9209.7,6326.4,65482,8348.5,9.4246,0.045614
1.0585e+05,5.811e+05,17803,99390,5.1458e+05,87.431,9398.1,6460.3,66512,8516.2,9.4226,0.045916
1.0797e+05,5.9087e+05,18169,1.0138e+05,5.2332e+05,88.969,9590.3,6597.1,67552,8687.4,9.4206,0.046216
1.1013e+05,6.0076e+05,18542,1.034e+05,5.3216e+05,90.538,9786.3,6736.6,68601,8862.1,9.4186,0.046515
1.1234e+05,6.1076e+05,18922,1.0546e+05,5.411e+05,92.141,9986.3,6879.1,69660,9040.4,9.4165,0.046813
1.1458e+05,6.2088e+05,19310,1.0755e+05,5.5015e+05,93.777,10190,7024.6,70727,9222.4,9.4144,0.047109
1.1686e+05,6.3111e+05,19706,1.0969e+05,5.5931e+05,95.447,10398,7173,71804,9408.1,9.4122,0.047405
1.1918e+05,6.4145e+05,20110,1.1186e+05,5.6856e+05,97.152,10610,7324.5,72889,9597.6,9.41,0.047698
1.2155e+05,6.5191e+05,20522,1.1407e+05,5.7792e+05,98.893,10826,7479.1,73982,9791,9.4077,0.047991
1.2396e+05,6.6247e+05,20942,1.1632e+05,5.8738e+05,100.67,11047,7636.9,75084,9988.4,9.4053,0.048282
1.2641e+05,6.7314e+05,21371,1.1861e+05,5.9694e+05,102.48,11272,7797.9,76192,10190,9.4029,0.048572
1.289e+05,6.8391e+05,21808,1.2094e+05,6.066e+05,104.34,11501,7962.2,77309,10395,9.4005,0.04886
1.3144e+05,6.9479e+05,22254,1.2331e+05,6.1636e+05,106.23,11735,8129.8,78432,10605,9.398,0.049147
1.3403e+05,7.0577e+05,22709,1.2573e+05,6.2621e+05,108.16,11973,8300.8,79562,10819,9.3954,0.049432
1.3665e+05,7.1685e+05,23173,1.2818e+05,6.3615e+05,110.13,12216,8475.3,80698,11038,9.3927,0.049716
1.3933e+05,7.2802e+05,23646,1.3067e+05,6.4618e+05,112.14,12464,8653.2,81840,11260,9.39,0.049998
1.4205e+05,7.3929e+05,24129,1.3321e+05,6.563e+05,114.19,12716,8834.7,82987,11488,9.3872,0.050279
1.4481e+05,7.5065e+05,24621,1.3579e+05,6.6651e+05,116.28,12974,9019.9,84139,11720,9.3844,0.050558
1.4762e+05,7.6209e+05,25123,1.3841e+05,6.768e+05,118.42,13236,9208.7,85295,11957,9.3815,0.050835
1.5048e+05,7.7362e+05,25635,1.4108e+05,6.8717e+05,120.6,13504,9401.2,86455,12198,9.3785,0.051111
1.5339e+05,7.8523e+05,26157,1.4379e+05,6.9762e+05,122.83,13776,9597.6,87619,12445,9.3754,0.051385
1.5634e+05,7.9692e+05,26689,1.4654e+05,7.0814e+05,125.1,14054,9797.8,88785,12696,9.3722,0.051657
1.5934e+05,8.0868e+05,27232,1.4934e+05,7.1873e+05,127.42,14337,10002,89954,12953,9.369,0.051927
1.6239e+05,8.2051e+05,27785,1.5218e+05,7.2939e+05,129.79,14625,10210,91124,13215,9.3657,0.052196
1.6549e+05,8.3241e+05,28349,1.5507e+05,7.4011e+05,132.2,14919,10422,92295,13482,9.3623,0.052463
1.6864e+05,8.4436e+05,28924,1.58e+05,7.509e+05,134.67,15219,10638,93466,13755,9.3588,0.052728
1.7184e+05,8.5638e+05,29510,1.6098e+05,7.6174e+05,137.18,15524,10858,94638,14033,9.3553,0.052991
1.7508e+05,8.6844e+05,30108,1.64e+05,7.7263e+05,139.75,15834,11083,95808,14317,9.3516,0.053253
1.7838e+05,8.8055e+05,30717,1.6707e+05,7.8357e+05,142.37,16151,11312,96976,14606,9.3478,0.053512
1.8173e+05,8.9269e+05,31338,1.7018e+05,7.9455e+05,145.04,16473,11545,98141,14901,9.344,0.05377
1.8512e+05,9.0488e+05,31971,1.7334e+05,8.0557e+05,147.76,16801,11782,99304,15203,9.34,0.054026
1.8857e+05,9.1709e+05,32616,1.7655e+05,8.1663e+05,150.54,17136,12024,1.0046e+05,15510,9.3359,0.05428
1.9207e+05,9.2932e+05,33273,1.798e+05,8.2771e+05,153.38,17476,12270,1.0162e+05,15824,9.3318,0.054532
1.9562e+05,9.4157e+05,33943,1.831e+05,8.3881e+05,156.28,17823,12521,1.0276e+05,16143,9.3275,0.054782
1.9922e+05,9.5384e+05,34626,1.8644e+05,8.4993e+05,159.23,18176,12776,1.039e+05,16470,9.3231,0.05503
2.0287e+05,9.661e+05,35322,1.8983e+05,8.6106e+05,162.24,18536,13036,1.0504e+05,16802,9.3186,0.055276
2.0657e+05,9.7836e+05,36031,1.9326e+05,8.722e+05,165.32,18901,13301,1.0616e+05,17142,9.314,0.05552
2.1032e+05,9.9061e+05,36753,1.9675e+05,8.8334e+05,168.45,19274,13571,1.0728e+05,17488,9.3092,0.055762
2.1412e+05,1.0028e+06,37489,2.0027e+05,8.9446e+05,171.65,19653,13845,1.0838e+05,17841,9.3044,0.056002
2.1797e+05,1.0151e+06,38239,2.0385e+05,9.0558e+05,174.92,20039,14124,1.0948e+05,18201,9.2994,0.05624
2.2188e+05,1.0272e+06,39002,2.0747e+05,9.1667e+05,178.24,20431,14408,1.1056e+05,18569,9.2942,0.056477
2.2583e+05,1.0394e+06,39780,2.1114e+05,9.2774e+05,181.64,20831,14697,1.1163e+05,18943,9.289,0.056711
2.2984e+05,1.0515e+06,40573,2.1485e+05,9.3877e+05,185.1,21237,14991,1.1268e+05,19325,9.2835,0.056943
2.3389e+05,1.0635e+06,41380,2.186e+05,9.4977e+05,188.63,21650,15290,1.1372e+05,19715,9.278,0.057173
2.38e+05,1.0755e+06,42202,2.2241e+05,9.6071e+05,192.23,22071,15594,1.1475e+05,20112,9.2723,0.057401
2.4216e+05,1.0873e+06,43039,2.2625e+05,9.716e+05,195.91,22499,15904,1.1575e+05,20517,9.2664,0.057627
2.4636e+05,1.0992e+06,43892,2.3015e+05,9.8242e+05,199.65,22934,16218,1.1674e+05,20930,9.2604,0.057851
2.5062e+05,1.1109e+06,44760,2.3408e+05,9.9317e+05,203.47,23376,16538,1.1771e+05,21352,9.2543,0.058072
2.5493e+05,1.1225e+06,45643,2.3806e+05,1.0038e+06,207.36,23826,16863,1.1865e+05,21781,9.2479,0.058292
2.5928e+05,1.134e+06,46543,2.4209e+05,1.0144e+06,211.33,24283,17194,1.1958e+05,22219,9.2414,0.05851
2.6369e+05,1.1454e+06,47459,2.4616e+05,1.0249e+06,215.38,24748,17529,1.2048e+05,22666,9.2347,0.058726
2.6814e+05,1.1567e+06,48392,2.5027e+05,1.0353e+06,219.51,25221,17871,1.2136e+05,23121,9.2279,0.058939
2.7264e+05,1.1678e+06,49341,2.5442e+05,1.0456e+06,223.72,25701,18217,1.2221e+05,23585,9.2208,0.059151
2.7719e+05,1.1788e+06,50307,2.5862e+05,1.0558e+06,228.01,26190,18570,1.2304e+05,24058,9.2136,0.05936
2.8178e+05,1.1896e+06,51290,2.6285e+05,1.0658e+06,232.38,26686,18927,1.2384e+05,24540,9.2062,0.059568
2.8642e+05,1.2003e+06,52291,2.6713e+05,1.0757e+06,236.84,27190,19291,1.2461e+05,25032,9.1985,0.059773
2.9111e+05,1.2108e+06,53309,2.7145e+05,1.0854e+06,241.38,27702,19660,1.2536e+05,25533,9.1907,0.059976
2.9585e+05,1.2211e+06,54345,2.7581e+05,1.095e+06,246.01,28222,20034,1.2607e+05,26044,9.1826,0.060177
3.0063e+05,1.2312e+06,55399,2.8021e+05,1.1045e+06,250.74,28750,20415,1.2675e+05,26564,9.1744,0.060377
3.0545e+05,1.2411e+06,56471,2.8465e+05,1.1137e+06,255.55,29286,20801,1.274e+05,27095,9.1659,0.060574
3.1032e+05,1.2508e+06,57562,2.8913e+05,1.1228e+06,260.45,29831,21193,1.2801e+05,27636,9.1572,0.060769
3.1523e+05,1.2603e+06,58672,2.9364e+05,1.1317e+06,265.45,30384,21590,1.2859e+05,28187,9.1482,0.060962
3.2019e+05,1.2696e+06,59801,2.9819e+05,1.1404e+06,270.54,30946,21994,1.2914e+05,28748,9.1391,0.061153
3.2518e+05,1.2786e+06,60948,3.0278e+05,1.149e+06,275.73,31516,22403,1.2965e+05,29320,9.1296,0.061342
3.3022e+05,1.2874e+06,62116,3.074e+05,1.1573e+06,281.01,32094,22818,1.3012e+05,29903,9.1199,0.061528
3.353e+05,1.2959e+06,63303,3.1206e+05,1.1653e+06,286.4,32681,23239,1.3055e+05,30497,9.11,0.061713
3.4042e+05,1.3041e+06,64509,3.1676e+05,1.1732e+06,291.89,33277,23666,1.3095e+05,31103,9.0998,0.061896
3.4558e+05,1.3121e+06,65736,3.2148e+05,1.1808e+06,297.48,33881,24099,1.313e+05,31719,9.0893,0.062077
3.5078e+05,1.3198e+06,66984,3.2624e+05,1.1882e+06,303.17,34494,24538,1.3162e+05,32347,9.0785,0.062256
3.5601e+05,1.3272e+06,68251,3.3103e+05,1.1954e+06,308.98,35116,24983,1.3189e+05,32987,9.0674,0.062433
3.6128e+05,1.3344e+06,69540,3.3585e+05,1.2022e+06,314.88,35746,25434,1.3212e+05,33639,9.0561,0.062608
3.6659e+05,1.3412e+06,70850,3.407e+05,1.2089e+06,320.9,36385,25891,1.3231e+05,34303,9.0444,0.06278
3.7194e+05,1.3477e+06,72181,3.4558e+05,1.2152e+06,327.03,37034,26354,1.3245e+05,34979,9.0325,0.062951
3.7731e+05,1.3539e+06,73533,3.5049e+05,1.2213e+06,333.27,37691,26824,1.3255e+05,35668,9.0202,0.06312
3.8272e+05,1.3597e+06,74908,3.5542e+05,1.2271e+06,339.63,38357,27299,1.3261e+05,36369,9.0076,0.063287
3.8817e+05,1.3653e+06,76304,3.6039e+05,1.2327e+06,346.1,39032,27780,1.3262e+05,37083,8.9946,0.063452
3.9364e+05,1.3705e+06,77722,3.6537e+05,1.2379e+06,352.69,39716,28268,1.3259e+05,37810,8.9813,0.063616
3.9915e+05,1.3753e+06,79163,3.7039e+05,1.2428e+06,359.4,40409,28761,1.3251e+05,38551,8.9677,0.063777
4.0468e+05,1.3799e+06,80627,3.7542e+05,1.2475e+06,366.24,41111,29261,1.3238e+05,39305,8.9537,0.063936
4.1025e+05,1.384e+06,82113,3.8048e+05,1.2518e+06,373.19,41823,29767,1.3222e+05,40072,8.9393,0.064094
4.1584e+05,1.3878e+06,83622,3.8556e+05,1.2558e+06,380.27,42543,30279,1.32e+05,40854,8.9245,0.064249
4.2146e+05,1.3913e+06,85155,3.9066e+05,1.2596e+06,387.48,43273,30797,1.3174e+05,41649,8.9094,0.064403
4.271e+05,1.3944e+06,86711,3.9578e+05,1.263e+06,394.81,44011,31321,1.3143e+05,42459,8.8939,0.064554
4.3277e+05,1.3971e+06,88291,4.0092e+05,1.266e+06,402.27,44759,31851,1.3108e+05,43283,8.8779,0.064704
4.3847e+05,1.3995e+06,89895,4.0608e+05,1.2688e+06,409.87,45516,32388,1.3068e+05,44122,8.8616,0.064853
4.4418e+05,1.4015e+06,91523,4.1125e+05,1.2713e+06,417.6,46282,32931,1.3024e+05,44975,8.8448,0.064999
4.4992e+05,1.4031e+06,93175,4.1644e+05,1.2734e+06,425.46,47057,33479,1.2975e+05,45844,8.8276,0.065143
4.5568e+05,1.4044e+06,94852,4.2164e+05,1.2752e+06,433.47,47842,34034,1.2922e+05,46728,8.8099,0.065286
4.6145e+05,1.4053e+06,96554,4.2686e+05,1.2766e+06,441.61,48636,34595,1.2864e+05,47628,8.7919,0.065427
4.6725e+05,1.4058e+06,98281,4.3209e+05,1.2778e+06,449.89,49438,35163,1.2802e+05,48543,8.7733,0.065566
4.7306e+05,1.4059e+06,1.0003e+05,4.3733e+05,1.2786e+06,458.32,50250,35736,1.2736e+05,49474,8.7543,0.065703
4.7889e+05,1.4057e+06,1.0181e+05,4.4258e+05,1.2791e+06,466.89,51072,36315,1.2666e+05,50421,8.7348,0.065839
4.8474e+05,1.4051e+06,1.0361e+05,4.4784e+05,1.2792e+06,475.6,51902,36900,1.2591e+05,51384,8.7148,0.065973
4.906e+05,1.4042e+06,1.0544e+05,4.5311e+05,1.2791e+06,484.47,52741,37492,1.2512e+05,52364,8.6943,0.066105
4.9647e+05,1.4029e+06,1.073e+05,4.5838e+05,1.2786e+06,493.48,53590,38089,1.2429e+05,53361,8.6733,0.066236
5.0235e+05,1.4012e+06,1.0918e+05,4.6366e+05,1.2778e+06,502.65,54447,38692,1.2343e+05,54375,8.6518,0.066364
5.0825e+05,1.3992e+06,1.1108e+05,4.6895e+05,1.2767e+06,511.97,55314,39302,1.2252e+05,55406,8.6297,0.066491
5.1415e+05,1.3968e+06,1.1302e+05,4.7424e+05,1.2752e+06,521.45,56190,39917,1.2158e+05,56454,8.6071,0.066617
5.2007e+05,1.3941e+06,1.1498e+05,4.7953e+05,1.2735e+06,531.08,57075,40538,1.2061e+05,57520,8.584,0.066741
5.2599e+05,1.391e+06,1.1697e+05,4.8482e+05,1.2714e+06,540.87,57968,41165,1.196e+05,58604,8.5603,0.066863
5.3192e+05,1.3876e+06,1.1898e+05,4.9012e+05,1.269e+06,550.83,58871,41798,1.1855e+05,59705,8.5361,0.066984
5.3785e+05,1.3838e+06,1.2102e+05,4.9541e+05,1.2664e+06,560.95,59782,42437,1.1747e+05,60825,8.5113,0.067102
5.4379e+05,1.3798e+06,1.2309e+05,5.0071e+05,1.2634e+06,571.23,60703,43082,1.1637e+05,61964,8.4859,0.06722
5.4973e+05,1.3754e+06,1.2519e+05,5.06e+05,1.2601e+06,581.68,61632,43732,1.1523e+05,63121,8.4599,0.067336
5.5567e+05,1.3707e+06,1.2732e+05,5.1128e+05,1.2566e+06,592.3,62570,44388,1.1406e+05,64297,8.4333,0.06745
5.6162e+05,1.3656e+06,1.2947e+05,5.1657e+05,1.2528e+06,603.08,63517,45050,1.1287e+05,65492,8.4061,0.067563
5.6756e+05,1.3603e+06,1.3165e+05,5.2184e+05,1.2487e+06,614.04,64472,45717,1.1165e+05,66706,8.3783,0.067674
5.735e+05,1.3547e+06,1.3386e+05,5.2711e+05,1.2443e+06,625.18,65436,46390,1.1041e+05,67940,8.3499,0.067784
5.7944e+05,1.3488e+06,1.361e+05,5.3238e+05,1.2397e+06,636.49,66408,47068,1.0915e+05,69194,8.3208,0.067892
5.8538e+05,1.3427e+06,1.3836e+05,5.3763e+05,1.2348e+06,647.98,67389,47752,1.0786e+05,70467,8.2912,0.067999
5.9131e+05,1.3362e+06,1.4066e+05,5.4287e+05,1.2297e+06,659.65,68379,48442,1.0656e+05,71761,8.2608,0.068104
5.9724e+05,1.3295e+06,1.4298e+05,5.4811e+05,1.2243e+06,671.49,69377,49136,1.0524e+05,73075,8.2299,0.068208
6.0317e+05,1.3226e+06,1.4534e+05,5.5333e+05,1.2187e+06,683.53,70383,49836,1.039e+05,74410,8.1982,0.06831
6.0908e+05,1.3154e+06,1.4772e+05,5.5854e+05,1.2129e+06,695.74,71397,50541,1.0254e+05,75765,8.1659,0.068411
6.1499e+05,1.308e+06,1.5013e+05,5.6373e+05,1.2068e+06,708.15,72419,51252,1.0118e+05,77142,8.133,0.068511
6.2088e+05,1.3004e+06,1.5257e+05,5.6892e+05,1.2006e+06,720.74,73449,51968,99799,78540,8.0994,0.068609
6.2677e+05,1.2925e+06,1.5504e+05,5.7408e+05,1.1941e+06,733.52,74488,52688,98411,79959,8.0651,0.068705
6.3265e+05,1.2845e+06,1.5754e+05,5.7923e+05,1.1874e+06,746.49,75534,53414,97014,81400,8.0301,0.068801
6.3851e+05,1.2762e+06,1.6007e+05,5.8437e+05,1.1806e+06,759.66,76588,54144,95610,82863,7.9945,0.068895
6.4436e+05,1.2678e+06,1.6263e+05,5.8948e+05,1.1736e+06,773.02,77650,54880,94201,84348,7.9582,0.068988
6.502e+05,1.2592e+06,1.6522e+05,5.9458e+05,1.1664e+06,786.58,78719,55620,92787,85855,7.9212,0.069079
6.5602e+05,1.2504e+06,1.6785e+05,5.9965e+05,1.1591e+06,800.34,79796,56365,91370,87384,7.8836,0.069169
6.6183e+05,1.2415e+06,1.705e+05,6.0471e+05,1.1516e+06,814.3,80880,57115,89953,88936,7.8453,0.069258
6.6761e+05,1.2325e+06,1.7318e+05,6.0975e+05,1.1439e+06,828.45,81971,57869,88535,90511,7.8063,0.069346
6.7339e+05,1.2233e+06,1.7589e+05,6.1476e+05,1.1362e+06,842.82,83070,58628,87118,92109,7.7666,0.069432
6.7914e+05,1.214e+06,1.7863e+05,6.1975e+05,1.1283e+06,857.38,84175,59391,85704,93730,7.7262,0.069517
6.8487e+05,1.2045e+06,1.814e+05,6.2471e+05,1.1202e+06,872.16,85288,60159,84294,95375,7.6852,0.069601
6.9059e+05,1.195e+06,1.8421e+05,6.2966e+05,1.1121e+06,887.14,86407,60930,82890,97043,7.6436,0.069684
6.9628e+05,1.1854e+06,1.8704e+05,6.3457e+05,1.1039e+06,902.32,87533,61706,81491,98735,7.6012,0.069765
7.0195e+05,1.1757e+06,1.899e+05,6.3946e+05,1.0956e+06,917.72,88666,62486,80100,1.0045e+05,7.5583,0.069846
7.076e+05,1.1659e+06,1.928e+05,6.4433e+05,1.0872e+06,933.34,89805,63270,78718,1.0219e+05,7.5146,0.069925
7.1322e+05,1.156e+06,1.9572e+05,6.4917e+05,1.0787e+06,949.16,90951,64058,77345,1.0396e+05,7.4704,0.070003
7.1882e+05,1.1461e+06,1.9868e+05,6.5397e+05,1.0701e+06,965.2,92103,64850,75982,1.0574e+05,7.4255,0.07008
7.244e+05,1.1361e+06,2.0167e+05,6.5876e+05,1.0615e+06,981.46,93260,65645,74632,1.0756e+05,7.38,0.070155
7.2995e+05,1.1261e+06,2.0469e+05,6.6351e+05,1.0528e+06,997.93,94424,66444,73293,1.094e+05,7.3339,0.07023
7.3548e+05,1.1161e+06,2.0774e+05,6.6823e+05,1.0441e+06,1014.6,95594,67247,71968,1.1126e+05,7.2872,0.070303
7.4098e+05,1.106e+06,2.1082e+05,6.7292e+05,1.0354e+06,1031.5,96769,68053,70657,1.1315e+05,7.24,0.070376
7.4645e+05,1.0959e+06,2.1393e+05,6.7758e+05,1.0266e+06,1048.7,97950,68862,69360,1.1506e+05,7.1921,0.070447
7.5189e+05,1.0858e+06,2.1708e+05,6.8222e+05,1.0178e+06,1066,99136,69675,68079,1.17e+05,7.1437,0.070517
7.573e+05,1.0757e+06,2.2025e+05,6.8681e+05,1.0089e+06,1083.6,1.0033e+05,70491,66814,1.1897e+05,7.0948,0.070587
7.6269e+05,1.0657e+06,2.2345e+05,6.9138e+05,1.0001e+06,1101.4,1.0152e+05,71310,65566,1.2096e+05,7.0453,0.070655
7.6805e+05,1.0556e+06,2.2669e+05,6.9591e+05,9.9124e+05,1119.4,1.0273e+05,72131,64335,1.2297e+05,6.9954,0.070722
7.7337e+05,1.0455e+06,2.2996e+05,7.0041e+05,9.8239e+05,1137.7,1.0393e+05,72956,63122,1.2501e+05,6.9449,0.070788
7.7866e+05,1.0355e+06,2.3326e+05,7.0488e+05,9.7354e+05,1156.2,1.0514e+05,73783,61926,1.2708e+05,6.894,0.070854
7.8393e+05,1.0255e+06,2.3659e+05,7.0931e+05,9.6471e+05,1174.9,1.0636e+05,74613,60750,1.2918e+05,6.8426,0.070918
7.8916e+05,1.0155e+06,2.3995e+05,7.1371e+05,9.5589e+05,1193.8,1.0758e+05,75445,59592,1.313e+05,6.7908,0.070981
7.9436e+05,1.0056e+06,2.4334e+05,7.1808e+05,9.471e+05,1213,1.088e+05,76280,58453,1.3345e+05,6.7386,0.071043
7.9952e+05,9.9567e+05,2.4676e+05,7.2241e+05,9.3833e+05,1232.4,1.1003e+05,77117,57333,1.3562e+05,6.686,0.071105
8.0466e+05,9.8583e+05,2.5021e+05,7.267e+05,9.296e+05,1252,1.1126e+05,77957,56233,1.3782e+05,6.633,0.071165
8.0975e+05,9.7606e+05,2.537e+05,7.3096e+05,9.209e+05,1271.9,1.125e+05,78798,55153,1.4005e+05,6.5796,0.071225
8.1482e+05,9.6634e+05,2.5721e+05,7.3518e+05,9.1225e+05,1292,1.1373e+05,79642,54093,1.4231e+05,6.526,0.071283
8.1985e+05,9.5669e+05,2.6076e+05,7.3936e+05,9.0363e+05,1312.3,1.1498e+05,80487,53053,1.4459e+05,6.472,0.071341
8.2485e+05,9.471e+05,2.6433e+05,7.4351e+05,8.9507e+05,1332.8,1.1622e+05,81334,52033,1.469e+05,6.4177,0.071398
8.2981e+05,9.3759e+05,2.6794e+05,7.4762e+05,8.8656e+05,1353.6,1.1747e+05,82183,51033,1.4923e+05,6.3632,0.071454
8.3473e+05,9.2816e+05,2.7157e+05,7.517e+05,8.7811e+05,1374.7,1.1872e+05,83033,50053,1.516e+05,6.3084,0.071509
8.3962e+05,9.1881e+05,2.7524e+05,7.5574e+05,8.6972e+05,1395.9,1.1997e+05,83885,49093,1.5399e+05,6.2534,0.071564
8.4448e+05,9.0954e+05,2.7894e+05,7.5974e+05,8.6138e+05,1417.4,1.2123e+05,84738,48152,1.5641e+05,6.1982,0.071617
8.4929e+05,9.0035e+05,2.8266e+05,7.637e+05,8.5312e+05,1439.2,1.2249e+05,85592,47232,1.5885e+05,6.1429,0.07167
8.5407e+05,8.9125e+05,2.8642e+05,7.6763e+05,8.4492e+05,1461.2,1.2375e+05,86447,46332,1.6133e+05,6.0874,0.071721
8.5882e+05,8.8225e+05,2.9021e+05,7.7151e+05,8.368e+05,1483.4,1.2501e+05,87304,45451,1.6383e+05,6.0318,0.071773
8.6352e+05,8.7333e+05,2.9402e+05,7.7536e+05,8.2874e+05,1505.8,1.2628e+05,88161,44590,1.6636e+05,5.9761,0.071823
8.6819e+05,8.6451e+05,2.9787e+05,7.7918e+05,8.2077e+05,1528.5,1.2754e+05,89019,43747,1.6892e+05,5.9203,0.071872
8.7283e+05,8.5579e+05,3.0175e+05,7.8295e+05,8.1287e+05,1551.4,1.2881e+05,89878,42924,1.715e+05,5.8645,0.071921
8.7742e+05,8.4716e+05,3.0565e+05,7.8669e+05,8.0504e+05,1574.6,1.3008e+05,90737,42120,1.7411e+05,5.8086,0.071969
8.8198e+05,8.3864e+05,3.0959e+05,7.9038e+05,7.973e+05,1598,1.3135e+05,91596,41334,1.7676e+05,5.7527,0.072016
8.865e+05,8.3021e+05,3.1355e+05,7.9404e+05,7.8965e+05,1621.6,1.3262e+05,92456,40567,1.7942e+05,5.6969,0.072063
8.9098e+05,8.2189e+05,3.1754e+05,7.9766e+05,7.8207e+05,1645.5,1.3389e+05,93317,39818,1.8212e+05,5.6411,0.072109
8.9542e+05,8.1367e+05,3.2156e+05,8.0125e+05,7.7458e+05,1669.6,1.3516e+05,94177,39086,1.8485e+05,5.5853,0.072154
8.9983e+05,8.0555e+05,3.2561e+05,8.0479e+05,7.6718e+05,1693.9,1.3643e+05,95038,38372,1.876e+05,5.5297,0.072198
9.042e+05,7.9754e+05,3.2969e+05,8.083e+05,7.5986e+05,1718.5,1.377e+05,95898,37676,1.9038e+05,5.4741,0.072242
9.0853e+05,7.8963e+05,3.338e+05,8.1177e+05,7.5263e+05,1743.3,1.3898e+05,96758,36996,1.9319e+05,5.4187,0.072285
9.1282e+05,7.8182e+05,3.3793e+05,8.152e+05,7.4549e+05,1768.3,1.4025e+05,97618,36333,1.9603e+05,5.3635,0.072327
9.1707e+05,7.7413e+05,3.4209e+05,8.1859e+05,7.3844e+05,1793.6,1.4152e+05,98478,35686,1.9889e+05,5.3084,0.072369
9.2129e+05,7.6653e+05,3.4628e+05,8.2195e+05,7.3148e+05,1819.1,1.4279e+05,99337,35055,2.0178e+05,5.2535,0.07241
9.2546e+05,7.5904e+05,3.505e+05,8.2527e+05,7.246e+05,1844.9,1.4406e+05,1.002e+05,34440,2.0471e+05,5.1988,0.07245
9.296e+05,7.5166e+05,3.5475e+05,8.2855e+05,7.1782e+05,1870.9,1.4533e+05,1.0105e+05,33840,2.0765e+05,5.1443,0.07249
9.337e+05,7.4438e+05,3.5902e+05,8.3179e+05,7.1112e+05,1897.1,1.466e+05,1.0191e+05,33255,2.1063e+05,5.0901,0.072529
9.3776e+05,7.372e+05,3.6332e+05,8.35e+05,7.0452e+05,1923.5,1.4787e+05,1.0277e+05,32685,2.1364e+05,5.0361,0.072567
9.4179e+05,7.3013e+05,3.6765e+05,8.3817e+05,6.98e+05,1950.2,1.4913e+05,1.0362e+05,32130,2.1667e+05,4.9824,0.072605
9.4578e+05,7.2317e+05,3.72e+05,8.413e+05,6.9158e+05,1977.1,1.504e+05,1.0448e+05,31588,2.1973e+05,4.929,0.072642
9.4972e+05,7.163e+05,3.7638e+05,8.444e+05,6.8524e+05,2004.3,1.5166e+05,1.0533e+05,31060,2.2282e+05,4.8759,0.072679
9.5363e+05,7.0954e+05,3.8078e+05,8.4745e+05,6.79e+05,2031.7,1.5292e+05,1.0618e+05,30546,2.2594e+05,4.8232,0.072715
9.5751e+05,7.0288e+05,3.8522e+05,8.5048e+05,6.7284e+05,2059.3,1.5418e+05,1.0703e+05,30045,2.2908e+05,4.7708,0.072751
9.6134e+05,6.9632e+05,3.8967e+05,8.5346e+05,6.6677e+05,2087.1,1.5544e+05,1.0788e+05,29556,2.3225e+05,4.7187,0.072786
9.6514e+05,6.8986e+05,3.9416e+05,8.5641e+05,6.6078e+05,2115.2,1.5669e+05,1.0873e+05,29080,2.3545e+05,4.667,0.07282
9.689e+05,6.835e+05,3.9867e+05,8.5933e+05,6.5489e+05,2143.4,1.5794e+05,1.0957e+05,28617,2.3868e+05,4.6157,0.072854
9.7263e+05,6.7724e+05,4.032e+05,8.6221e+05,6.4908e+05,2172,1.5919e+05,1.1042e+05,28165,2.4194e+05,4.5647,0.072887
9.7631e+05,6.7108e+05,4.0776e+05,8.6505e+05,6.4335e+05,2200.7,1.6044e+05,1.1126e+05,27724,2.4522e+05,4.5142,0.07292
9.7996e+05,6.6501e+05,4.1234e+05,8.6786e+05,6.3771e+05,2229.7,1.6168e+05,1.121e+05,27295,2.4853e+05,4.4641,0.072953
9.8358e+05,6.5904e+05,4.1695e+05,8.7064e+05,6.3216e+05,2258.8,1.6293e+05,1.1294e+05,26877,2.5187e+05,4.4144,0.072984
9.8715e+05,6.5316e+05,4.2158e+05,8.7338e+05,6.2669e+05,2288.2,1.6416e+05,1.1378e+05,26470,2.5523e+05,4.3651,0.073016
9.9069e+05,6.4737e+05,4.2624e+05,8.7608e+05,6.213e+05,2317.9,1.654e+05,1.1461e+05,26073,2.5862e+05,4.3162,0.073046
9.942e+05,6.4168e+05,4.3092e+05,8.7876e+05,6.1599e+05,2347.7,1.6663e+05,1.1544e+05,25686,2.6204e+05,4.2678,0.073077
9.9767e+05,6.3608e+05,4.3562e+05,8.8139e+05,6.1077e+05,2377.8,1.6786e+05,1.1627e+05,25309,2.6549e+05,4.2199,0.073107
1.0011e+06,6.3056e+05,4.4035e+05,8.84e+05,6.0562e+05,2408.1,1.6908e+05,1.171e+05,24942,2.6896e+05,4.1724,0.073136
1.0045e+06,6.2514e+05,4.451e+05,8.8657e+05,6.0055e+05,2438.6,1.703e+05,1.1793e+05,24584,2.7246e+05,4.1254,0.073165
1.0079e+06,6.198e+05,4.4988e+05,8.8911e+05,5.9557e+05,2469.3,1.7151e+05,1.1875e+05,24235,2.7599e+05,4.0788,0.073193
1.0112e+06,6.1455e+05,4.5467e+05,8.9162e+05,5.9065e+05,2500.2,1.7273e+05,1.1957e+05,23895,2.7955e+05,4.0328,0.073221
1.0145e+06,6.0938e+05,4.5949e+05,8.9409e+05,5.8582e+05,2531.3,1.7393e+05,1.2039e+05,23563,2.8313e+05,3.9871,0.073249
1.0177e+06,6.043e+05,4.6433e+05,8.9654e+05,5.8106e+05,2562.7,1.7514e+05,1.212e+05,23240,2.8673e+05,3.942,0.073276
1.021e+06,5.993e+05,4.692e+05,8.9895e+05,5.7637e+05,2594.3,1.7633e+05,1.2202e+05,22925,2.9037e+05,3.8974,0.073302
1.0242e+06,5.9438e+05,4.7408e+05,9.0133e+05,5.7176e+05,2626,1.7753e+05,1.2283e+05,22618,2.9403e+05,3.8532,0.073328
1.0273e+06,5.8954e+05,4.7899e+05,9.0368e+05,5.6722e+05,2658,1.7872e+05,1.2364e+05,22319,2.9771e+05,3.8096,0.073354
