"","X","Print_Alone","PrintNumber","FileNumber","FileID","BatchFile","Initials","expDate","Organ","CageNumber","Tag","TagNumber","DOB","Sex","Age","Genotype","MouseWeight","OrganWeight","TotalLiveCountInMillions","All_Event","AllCells_events","LiveCells_events","Singlets1_events","Singlets2_events","pCD4_events","pCD8_events","pDP_events","pDN_events","CD4_events","CD8_events","Bcells_events","TCRb_events","x4Tregs_events","x8Tregs_events","DN_events","DP_events","CD4prol_events","CD8Prol_events","BcellProl_events","x4tregProl_events","x8tregsProl","DPprol_events","DNProl_events","intage","Bratio","CD4Ratio","CD8Ratio","DPRatio","DNRatio","X4TregRatio","X8TregRatio","TCRbRatio","CD4ProlRatio","CD8ProlRatio","BProlRatio","X4TregProlRatio","X8TregProlRatio","Bct","CD4CT","CD8ct","DPct","DNct","X4TregCT","X8TregCT","TCRbCT","CD4ProlCT","CD8ProlCT","BprolCT","X4TregProlCT","X8TregProlCT","NaiveDerivedTregsRatio","ThymusDerivedTregRatio","NaiveDerivedTregsCT","X4TregFromThymusCT"
"1",1,NA,52,1,"JP090617D19KOS","52_1_JP090617D19KOS.fcs compensated","JP","9/6/2017","Spleen",1277,1,8863,"8/18/2017","F",18,"KO",11.7,0.186,112.5,50000,31663,28089,27197,26143,1383,1718,102,22360,1318,1571,16616,3315,15,11,67,87,0,0,0,0,0,0,0,18,0.635581226332097,0.0529013502658455,0.0657154878935088,0.00390161802394522,0.00256282752553265,0.0113808801213961,0.00700190961171229,0.12680258577822,0,0,0,0,0,71.5028879623609,5.95140190490762,7.39299238801974,0.438932027693838,0.288318096622423,0.0677321916340018,0.0517650644609912,14.2652909000497,0,0,0,0,0,0,0.0227579556412729,0,0.135441740555275
"2",2,NA,51,3,"JP090617D19WTS","51_3_JP090617D19WTS.fcs compensated","JP","9/6/2017","Spleen",1277,1,8864,"8/18/2017","F",18,"WT",11.9,0.074,72.2,55900,34584,31537,30671,29383,1717,1630,38,25579,1655,1552,19710,3475,146,19,103,14,0,0,0,0,0,0,0,18,0.670796038525678,0.0584351495762856,0.0554742538202362,0.0012932648129871,0.00350542830888609,0.0882175226586103,0.0122422680412371,0.118265663819215,0,0,0,0,0,48.431473981554,4.21901779940782,4.00524112582105,0.0933737194976687,0.253091923901576,0.372191298316339,0.0490332354320876,8.53878092774734,0,0,0,0,0,0.0509600270677814,0.0372574955908289,0.215001261257274,0.157190037059066
"3",3,NA,54,5,"JP091317D19KOS","54_5_JP091317D19KOS.fcs compensated","JP","9/13/2017","Spleen",1218,1,NA,"8/25/2017","F",18,"KO",10.7,0.241,103.7,30000,18911,18757,17608,16397,454,694,18,14241,384,624,3385,2784,11,17,999,10,0,0,0,0,0,0,0,18,0.206440202476063,0.0276879917057998,0.0423248155150332,0.0010977617856925,0.060925779105934,0.0286458333333333,0.0272435897435897,0.169787156187107,0,0,0,0,0,21.4078489967677,2.87124473989144,4.38908336890895,0.113837897176313,6.31800329328536,0.0822491982781403,0.119574386652968,17.606928096603,0,0,0,0,0,0.0022431930693069,0.0264026402640264,0.00644075630080838,0.0758084419773317
"4",4,NA,53,7,"JP091317D19WTS","53_7_JP091317D19WTS.fcs compensated","JP","9/13/2017","Spleen",1218,1,NA,"8/25/2017","M",18,"WT",11.1,0.08,40.25,30000,18838,18609,17795,16490,413,539,26,15043,387,508,8727,1167,50,17,71,5,0,0,0,0,0,0,0,18,0.529229836264403,0.0250454821103699,0.0326864766525167,0.0015767131594906,0.00430563978168587,0.129198966408269,0.0334645669291339,0.0707701637355973,0,0,0,0,0,21.3015009096422,1.00808065494239,1.3156306852638,0.0634627046694967,0.173302001212856,0.130242978674727,0.0440270111210326,2.84849909035779,0,0,0,0,0,0.0945081670115872,0.0346907993966818,0.0952718548984456,0.034971123776282
"5",5,NA,32,9,"JA102517D12KOS","32_9_JA102517D12KOS.fcs compensated","JA","10/25/2017","Spleen",7699,0,2,"10/13/2017",NA,12,"KO",4.5,0.033,10.9,100000,62291,58150,55263,53158,4989,612,100,45126,2828,512,11206,5325,217,16,201,21,2331,368,7681,215,16,17,48,12,0.21080552315738,0.0938522894014071,0.0115128484894089,0.00188118439369427,0.00378118063132548,0.0767326732673267,0.03125,0.10017306896422,0.824257425742574,0.71875,0.685436373371408,0.990783410138249,1,2.29778020241544,1.02298995447534,0.125490048534557,0.0205049098912675,0.0412148688814478,0.0784967539325135,0.00392156401670492,1.09188645171,0.843207066436355,0.0901959723842131,1.57498212874826,0.0777732815460388,0.00392156401670492,0.0696806647041734,0.00705200856315326,0.0712826200135338,0.00721413391897986
"6",6,NA,31,11,"JA102517D12WTS","31_11_JA102517D12WTS.fcs compensated","JA","10/25/2017","Spleen",7699,0,3,"10/13/2017",NA,12,"WT",10.2,NA,15.6,100000,70836,67216,64684,62524,2913,1454,35,56587,2454,1352,19291,5232,172,1,62,8,673,442,10762,129,0,1,22,12,0.308537521591709,0.0465901093979912,0.0232550700530996,0.000559785042543663,0.000991619218220203,0.0700896495517522,0.000739644970414201,0.0836798669310985,0.274246128769356,0.326923076923077,0.557876730081385,0.75,0,4.81318533683066,0.726805706608662,0.362779092828354,0.00873264666368114,0.0154692598042352,0.0509415572684148,0.000268327731381919,1.30540592412514,0.199323651404902,0.118600857270808,2.68516409698676,0.0382061679513111,0,0.0544846354816575,0.0156050140700947,0.0395997439905615,0.0113418132778533
"7",7,NA,38,17,"JA103117D14KOS","38_17_JA103117D14KOS.fcs compensated","JA","10/31/2017","Spleen",7812,1,9169,"10/17/2017","M",14,"KO",9.7,0.166,30.4,50000,43132,41958,41540,40223,2185,3667,158,32234,2007,3646,15650,7409,195,158,475,155,978,2739,10160,156,158,123,217,14,0.389080874126743,0.0543221539914974,0.0911667453944261,0.0039281008378291,0.0118091639111951,0.0971599402092676,0.0433351618211739,0.184198095616936,0.48729446935725,0.751234229292375,0.649201277955272,0.8,1,11.828058573453,1.65139348134152,2.77146905999055,0.119414265470005,0.358998582900331,0.160449291909116,0.120102060197067,5.59962210675484,0.804714910190338,2.08202242328967,7.67879074161549,0.128359433527293,0.120102060197067,0.0734407751238786,0.023719165085389,0.121279617304242,0.0391696746048748
"8",8,NA,37,19,"JA103117D14WTS","37_19_JA103117D14WTS.fcs compensated","JA","10/31/2017","Spleen",7812,1,9172,"10/17/2017","F",14,"WT",10.2,0.083,30,50000,40722,39964,39323,37760,4163,643,10,31551,1639,631,18738,3405,261,35,960,2,557,262,14732,177,35,1,190,14,0.496239406779661,0.110248940677966,0.0170286016949153,0.000264830508474576,0.0254237288135593,0.159243441122636,0.0554675118858954,0.0901747881355932,0.339841366687004,0.415213946117274,0.786209840964884,0.67816091954023,1,14.8871822033898,3.30746822033898,0.510858050847458,0.00794491525423729,0.76271186440678,0.52669262081054,0.0283360250073867,2.7052436440678,1.12401452027383,0.212115387198152,11.7044491525424,0.357182352043929,0.0283360250073867,0.0993445690884081,0.0598988720342279,0.32857900512318,0.19811361568736
"9",9,NA,48,21,"JA111417D18KOS","48_21_JA111417D18KOS.fcs compensated","JA","11/14/2017","Spleen",1217,1,9205,"10/27/2017","",18,"KO",10.7,0.211,76,356752,296716,289249,288840,287532,35669,26651,1600,211978,34728,23570,152639,73157,3785,2984,755,887,17392,14983,105317,3444,2967,595,351,18,0.530859173935423,0.124052279398467,0.0926888137668155,0.00556459802735,0.00262579469415578,0.108989864086616,0.126601612218922,0.254430811179277,0.500806265837365,0.635680950360628,0.689974384004088,0.909907529722589,0.994302949061662,40.3452972190921,9.42797323428349,7.04434984627798,0.4229094500786,0.199560396755839,1.02755352141681,0.89182604757291,19.3367416496251,4.72158806987614,4.47795900495473,27.8372215962049,0.934978686330118,0.886745269151751,0.084748528119656,0.02424133596696,0.799006854757038,0.228546666659773
"10",10,NA,47,23,"JA111417D18WTS","47_23_JA111417D18WTS.fcs compensated","JA","11/14/2017","Spleen",1217,1,9206,"10/27/2017","",18,"WT",10.9,NA,51.245,114356,91493,89887,89613,88453,11146,3790,198,70868,9240,3640,55324,15557,946,21,381,48,2109,1023,37869,536,17,22,87,18,0.625462109821035,0.126010423614801,0.0428476139870892,0.00223847693125162,0.00430737227680237,0.102380952380952,0.00576923076923077,0.175878715249907,0.228246753246753,0.281043956043956,0.684494975056034,0.566596194503171,0.80952380952381,32.0518058177789,6.45740415814048,2.19572597876839,0.11471075034199,0.220731292324737,0.661115187619145,0.0126676498775099,9.01290476298147,1.47388153349765,0.617095515461555,21.9393000237414,0.374585349433257,0.0102547641865556,0.0640494485390201,0.0383315038419319,0.413593175322473,0.247522012296669
"11",14,NA,60,32,"JA022518WK8M2WTS","60_32_JA022518WK8M2WTS.fcs compensated","JA","2/25/2018","Spleen",9296,1,9550,"12/24/2017","F",56,"WT",20.8,0.86,51.78,385742,314977,310679,305413,300979,79192,42257,8428,162018,77137,42041,140686,120626,11015,712,429,1162,5991,2159,24906,3446,685,765,67,56,0.467427960090239,0.263114702354649,0.140398499563092,0.0280019536246715,0.00142534861236166,0.142797879098228,0.0169358483385267,0.400778791875845,0.0776670080506112,0.0513546300040437,0.177032540551299,0.312846118928734,0.962078651685393,24.2034197734726,13.6240792879237,7.26983430737693,1.44994115868549,0.0738045511480867,1.9454896269816,0.123120811275954,20.7523258433313,1.05814147573734,0.373339651046045,4.28479289252739,0.608638879217305,0.118451904106781,0.100322928860382,0.0424749502378462,1.36680753719057,0.57868208979103
"12",15,NA,61,34,"JA022518WK8M3WTS","61_34_JA022518WK8M3WTS.fcs compensated","JA","2/25/2018","Spleen",9296,1,9553,"12/24/2017","F",56,"WT",19.7,0.098,39.45,417591,316636,310261,307520,303269,84052,48490,698,161426,82357,48337,135977,130867,11272,730,433,396,5580,1970,16327,3416,679,120,58,56,0.448370918227712,0.277153286356337,0.159891053816908,0.00230158703988868,0.00142777534136361,0.136867540099809,0.0151023025839419,0.43152119075804,0.0677538035625387,0.0407555288909117,0.120071776844613,0.30305180979418,0.93013698630137,17.6882327240832,10.9336971467575,6.30770207307704,0.0907976087236084,0.0563257372167943,1.496468232673,0.0952608253169671,17.0235109754047,0.740799568693698,0.257073734074555,2.12385753242171,0.453507406211052,0.088605616972905,0.0845186154648705,0.0523489246349385,0.924100944756149,0.572367287916851
"13",16,NA,62,36,"JA022518WK8M4WTS","62_36_JA022518WK8M4WTS.fcs compensated","JA","2/25/2018","Spleen",9319,1,9519,"12/25/2017","M",56,"WT",22.6,0.085,38.4,385463,313621,307123,303481,299383,70290,44138,613,177109,68523,43982,147742,112667,10075,707,354,329,5248,1571,29665,3615,671,122,44,56,0.493488274217307,0.234782870102845,0.147429880788154,0.00204754444975166,0.00118243186820895,0.147030923923354,0.0160747578554863,0.376330653377112,0.076587423200969,0.0357191578372971,0.200789213629164,0.358808933002481,0.949080622347949,18.9499497299446,9.01566221194924,5.66130742226512,0.0786257068704636,0.0454053837392237,1.32558114480377,0.0910041459583794,14.4510970896811,0.690486337263541,0.202217133381349,3.80494550458777,0.475630356175248,0.0863702714824223,0.108581381858534,0.0384495420648198,0.978933061343218,0.346648083460549
"14",17,NA,15,38,"GM030918D7WTS","15_38_GM030918D7WTS.fcs compensated","GM","3/9/2018","Spleen",8813,0,6,"3/2/2018",NA,7,"WT",3.3,0.019,7.5,717831,483022,469448,456828,433418,23366,8910,1177,394730,22219,8303,144428,34225,1188,43,169,184,3538,2038,41690,495,10,60,44,7,0.333230276545967,0.0539110050805458,0.0205575218380409,0.00271562325514861,0.000389923814885399,0.0534677528241595,0.00517885101770444,0.0789653406180639,0.159233088797876,0.245453450560039,0.28865593929155,0.416666666666667,0.232558139534884,2.49922707409475,0.404332538104094,0.154181413785307,0.0203671744136146,0.00292442861164049,0.0216187522061147,0.000798482571693145,0.592240054635479,0.0643831189437996,0.0378443600258286,0.721416738575694,0.00900781341921447,0.000185693621323987,0.0164595720684135,0.037008180755746,0.00665514055052888,0.0149636116555859
"15",18,NA,16,40,"GM030918D7KOST3","16_40_GM030918D7KOST3.fcs compensated","GM","3/9/2018","Spleen",8813,0,3,"3/2/2018",NA,7,"KO",3.6,0.026,7.75,1241816,782955,758744,743067,698481,20801,8171,687,663384,19561,7679,252953,34216,771,255,207,247,5419,2949,123855,269,133,126,62,7,0.362147288186794,0.0297803376183461,0.0116982423287104,0.000983562902927925,0.000296357381231558,0.0394151628239865,0.0332074488865738,0.0489863002715894,0.277030826644855,0.384034379476494,0.489636414669919,0.348897535667964,0.52156862745098,2.80664148344765,0.230797616542182,0.090661378047506,0.00762261249769142,0.00229676970454458,0.00909692563539811,0.0030106330774989,0.379643827104817,0.0639380544983429,0.0348170860609578,1.37423387321917,0.00317389493634513,0.00157025176198962,0.0255531383236641,0.0138620245003224,0.00589760342027436,0.00319932221512374
"16",19,NA,18,42,"GM030918D7KOST5","18_42_GM030918D7KOST5.fcs compensated","GM","3/9/2018","Spleen",8813,0,5,"3/2/2018",NA,7,"KO",3.9,0.023,6.8,844716,524927,508073,499946,481908,22242,9293,2146,442234,21162,8714,165514,34516,357,88,123,309,5008,3151,62614,104,34,137,41,7,0.343455597333931,0.0461540377001419,0.0192837637059356,0.00445313213310424,0.00025523543912946,0.0168698610717323,0.0100986917603856,0.0716236294064427,0.236650600132313,0.361602019738352,0.378300325048032,0.291316526610644,0.386363636363636,2.33549806187073,0.313847456360965,0.131129593200362,0.0302812985051089,0.00173560098608033,0.00529456298652606,0.00132423734239521,0.487040679963811,0.0742721888978222,0.0474167257487193,0.883519675954746,0.00154239369915605,0.000511637155016331,0,0.0226171243941842,0,0.00709832696131424
"17",20,NA,55,44,"GM031318D19WTS","55_44_GM031318D19WTS.fcs compensated","GM","3/13/2018","Spleen",8368,1,9887,"2/22/2018","M",18,"WT",10.9,0.07,12.975,469732,381972,371257,369662,366826,23315,10036,578,331717,22298,9758,243157,34311,2512,24,308,250,4368,2093,117454,956,1,137,162,18,0.662867408526113,0.0635587444728563,0.0273590203529739,0.00157567893224581,0.000839635140366277,0.112655843573415,0.00245952039352326,0.0935348094191797,0.195892008251861,0.214490674318508,0.483037708147411,0.380573248407643,0.0416666666666667,8.60070462562632,0.824674709535311,0.354983289079836,0.0204444341458893,0.0108942659462524,0.0929044250763612,0.000873088638851821,1.21361415221386,0.161547185005392,0.0761406050465359,4.15446465081537,0.0353569388427553,3.63786932854925e-05,0.0915115649664498,0.0211442786069652,0.0754672732578287,0.0174371518185327
"18",21,NA,56,46,"GM031318D19KOS","56_46_GM031318D19KOS.fcs compensated","GM","3/13/2018","Spleen",8368,1,9886,"2/22/2018","M",18,"KO",12.4,0.199,104.48,343974,274195,260040,258846,256775,15179,12051,968,226864,14777,11700,178916,29726,864,55,303,598,4044,4424,58370,361,27,316,80,18,0.696781228702171,0.0591140103203193,0.0469321390322267,0.00376983740628955,0.00118002141953072,0.0584692427420992,0.0047008547008547,0.115766721838185,0.273668538945659,0.378119658119658,0.326242482505757,0.417824074074074,0.490909090909091,72.7997027748029,6.17623179826697,4.90346988608704,0.393872612209132,0.123288637912569,0.361119596244343,0.0230504994645117,12.0953070976536,1.69024033242144,1.85409835692727,23.7503557589329,0.150884460930796,0.0113156997371239,0.0376244813597624,0.0208447613823368,0.232377518167467,0.128742078076876
"19",22,NA,63,48,"GM031318WK6WTSM1","63_48_GM031318WK6WTSM1.fcs compensated","GM","3/13/2018","Spleen",9760,1,9760,"1/27/2018","M",56,"WT",24,0.081,75.5,105690,93181,91372,91244,90993,20170,10629,360,59127,18920,10540,51353,29736,2255,37,96,206,1936,676,8662,496,5,110,19,56,0.564362093787434,0.221665402833185,0.116811183277835,0.00395634829052784,0.00105502621080742,0.119186046511628,0.00351043643263757,0.3267943687976,0.102325581395349,0.0641366223908918,0.168675637255857,0.219955654101996,0.135135135135135,42.6093380809513,16.7357379139055,8.81924433747651,0.298704295934852,0.0796544789159606,1.99466643741315,0.0309593966306101,24.6729748442188,1.71249411212056,0.565636543845742,7.18715725385469,0.438738160956507,0.00418370224737975,0.0882621964923006,0.0309238500193274,1.47713298820077,0.517533449212385
"20",23,NA,64,50,"GM031318WK6WTSM2","64_50_GM031318WK6WTSM2.fcs compensated","GM","3/13/2018","Spleen",9761,1,9761,"1/27/2018","F",56,"WT",23.3,0.153,130.2,107764,90805,89348,88858,88135,14299,9784,225,62854,13057,9319,46610,24843,1598,45,1313,107,1899,948,7452,596,5,62,216,56,0.528847790321666,0.162239745844443,0.111011516423668,0.00255290179837749,0.0148976002723095,0.122386459370453,0.00482884429659835,0.28187439723152,0.145439228000306,0.101727653181672,0.15987985410856,0.3729662077597,0.111111111111111,68.8559822998809,21.1236149089465,14.4536994383616,0.332387814148749,1.9396675554547,2.58524443781087,0.0697946640976791,36.7000465195439,3.07220224493294,1.47034092365777,11.0086844046066,0.964208814102176,0.00775496267751991,0.0776454860580511,0.0447409733124019,1.64015334690825,0.94509109090263
"21",24,NA,33,52,"GM032118D12WTS_1","33_52_GM032118D12WTS_1.fcs compensated","GM","3/21/2018","Spleen",7998,0,8,"3/9/2018","F",12,"WT",9.8,0.07,15.8,677827,456513,444985,434469,416684,24233,10334,459,377842,22109,10020,275106,36237,2198,87,344,120,5222,3100,150942,1057,69,62,157,12,0.660226934559522,0.0581567806779238,0.0248005682963589,0.00110155417534631,0.000825565656468691,0.0994165272061152,0.00868263473053892,0.0869651822484185,0.236193405400516,0.30938123752495,0.548668513227629,0.480891719745223,0.793103448275862,10.4315855660405,0.918877134711196,0.39184897908247,0.0174045559704716,0.0130439373722053,0.0913515736620928,0.00340228155490768,1.37404987952501,0.217032719592106,0.121230722071423,5.72348254312621,0.0439302153597962,0.00269836123320264,0.0637209891483724,0.0356955380577428,0.0585517599296196,0.0327998137324731
"22",25,NA,34,54,"GM032118D12KOS_2","34_54_GM032118D12KOS_2.fcs compensated","GM","3/21/2018","Spleen",7998,0,9,"3/9/2018","F",12,"KO",9.5,0.1,10.5,1168078,712367,690551,678591,652161,38893,13804,3542,590860,37568,13244,359012,63490,1367,106,1078,610,18732,7795,177424,925,88,364,365,12,0.550495966486803,0.0596371141481935,0.0211665524310715,0.0054311742039159,0.00165296606206136,0.0363873509369676,0.00800362428269405,0.0973532609278997,0.498615843270869,0.58856840833585,0.494200750949829,0.676664228237015,0.830188679245283,5.78020764811143,0.626189698556031,0.22224880052625,0.057027329141117,0.0173561436516443,0.0227853843144723,0.00177879589669152,1.02220923974295,0.312228104593047,0.130808622780287,2.85658296034261,0.0154180544922362,0.00147673621612127,0.0157284257411804,0.0206589251957872,0.00984897817363067,0.0129364061408416
"23",26,NA,39,56,"GM032118D14WTS_3","39_56_GM032118D14WTS_3.fcs compensated","GM","3/21/2018","Spleen",8368,1,9918,"3/7/2018","F",14,"WT",8.7,0.06,11.55,894745,536986,521997,509863,487160,23444,10704,454,449523,22282,10257,294595,40835,2816,30,384,157,5559,3166,169129,1302,17,75,167,14,0.604719188767551,0.0481238196896297,0.0219722473109451,0.00093193201412267,0.000788242055998029,0.126380037698591,0.00292483182217023,0.0838225634288529,0.249483888340364,0.308667251633031,0.574106824623636,0.462357954545455,0.566666666666667,6.98450663026521,0.555830117415223,0.253779456441416,0.0107638147631168,0.00910419574677724,0.070245831192948,0.000742262230012915,0.968150607603252,0.138670658949431,0.0783334073406963,4.00985292306429,0.0324787188257167,0.000420615263673985,0.0951200440944976,0.0312599936040934,0.0528705852775858,0.0173752459153624
"24",27,NA,40,58,"GM032118D14KOS_4","40_58_GM032118D14KOS_4.fcs compensated","GM","3/21/2018","Spleen",8368,1,9917,"3/7/2018","M",14,"KO",9.1,0.068,8.7,745110,505099,491052,473326,452086,18356,10883,2567,413730,16735,8461,234566,26737,1178,135,562,373,5001,3225,84719,681,119,217,153,14,0.518852607689687,0.0406028941396106,0.0240728533951505,0.00567812318895077,0.00124312630782639,0.0703913952793546,0.0159555608084151,0.0591414022995625,0.298834777412608,0.381160619312138,0.361173401089672,0.578098471986418,0.881481481481482,4.51401768690028,0.353245179014612,0.209433824537809,0.0493996717438717,0.0108151988780896,0.024865421026544,0.00334163412275195,0.514530200006194,0.105561944442909,0.079827926265741,1.63034312055671,0.014374661900744,0.00294558859709246,0.0477452245409522,0.0226461707384024,0.0168657703900615,0.00799965063648242
"25",28,NA,41,60,"GM032118D14WTS_5","41_60_GM032118D14WTS_5.fcs compensated","GM","3/21/2018","Spleen",8368,1,9920,"3/7/2018","F",14,"WT",8.8,0.063,9.85,664466,439940,432762,421411,402083,19178,10478,4359,363791,18469,9813,227203,33353,1794,55,530,168,3883,2747,124917,843,39,106,216,14,0.565064924406155,0.0476966198521201,0.0260592962149606,0.0108410452568251,0.00131813580778098,0.0971357409713574,0.00560480994599001,0.0829505350885265,0.210244192972007,0.279934780393356,0.549803479707574,0.469899665551839,0.709090909090909,5.56588950540063,0.469811705543383,0.256684067717362,0.106784295779727,0.0129836377066427,0.0456355081349737,0.00143866541571944,0.817062770621986,0.0987751828807708,0.0718547981269329,3.06014541773713,0.0214441100099124,0.00102014456751015,0.0691324097200561,0.0280033312513013,0.0324792153189035,0.0131562928160702
"26",29,NA,42,62,"GM032118D14KOS_6","42_62_GM032118D14KOS_6.fcs compensated","GM","3/21/2018","Spleen",8368,1,9919,"3/7/2018","F",14,"KO",11,0.122,10.4,681346,425257,415361,402783,387163,21277,13494,4658,343602,20631,12899,235850,42650,1287,89,901,507,10202,8422,151938,931,82,355,328,14,0.609174946986153,0.0549561812466584,0.0348535371406875,0.0120311083445474,0.00232718519073362,0.0623818525519849,0.00689975967129235,0.110160320071908,0.494498570112937,0.652918830917125,0.644214543141827,0.723387723387723,0.921348314606742,6.33541944865599,0.571544284965247,0.36247678626315,0.125123526783293,0.0242027259836296,0.0356539913116317,0.00250100271163814,1.14566732874784,0.282627831671536,0.236667919521533,4.08136934572777,0.0257916596046069,0.00230429463319469,0.0441183154185041,0.0182635371334808,0.0252155710397402,0.0104384202718915
"27",30,NA,43,64,"JA032218D14WTS_1","43_64_JA032218D14WTS_1.fcs compensated","JA","3/22/2018","Spleen",8196,1,9912,"3/8/2018","M",14,"WT",12.1,0.08,49.8,501010,373582,363740,348453,336773,18492,9890,340,299316,16732,9536,157180,36399,1576,29,547,99,4298,2791,116495,960,22,66,317,14,0.466723876320251,0.0549093900045431,0.0293669623158626,0.00100958212208223,0.00162423947287936,0.0941907721730815,0.00304110738255034,0.108081704887268,0.256873057614153,0.292680369127517,0.741156635704288,0.609137055837564,0.758620689655172,23.2428490407485,2.73448762222625,1.46247472332996,0.0502771896796952,0.080887125749392,0.257563500635224,0.00444754267791199,5.38246890338596,0.70241619652931,0.428037641863875,17.2265917992238,0.156891472468157,0.00337399789358841,0.0748935274840188,0.0192972446890627,0.204795423889911,0.0527680767453132
"28",31,NA,44,66,"JA032218D14KOS_2","44_66_JA032218D14KOS_2.fcs compensated","JA","3/22/2018","Spleen",8196,1,9913,"3/8/2018","M",14,"KO",11.7,0.141,127.35,441506,330743,317023,307029,300512,20716,12161,5143,255062,18009,11443,150255,39512,916,158,426,1141,11609,8917,127030,806,157,984,116,14,0.499996672345863,0.0689356831008412,0.0404676019593228,0.0171141252262805,0.00141758066233628,0.0508634571603087,0.0138075679454688,0.131482270258758,0.644622133377756,0.77925369221358,0.845429436624405,0.879912663755459,0.993670886075949,63.6745762232457,8.77895924289213,5.15354910951975,2.17948384756682,0.180528897348525,0.44652821736294,0.0711579794900044,16.7442671174529,5.65911143598949,4.01592217159728,53.8323611037163,0.392905833181801,0.070707612531207,0.0274448106153238,0.0234186465449849,0.240936873820821,0.205591343542119
"29",32,NA,45,68,"JA032218D14WTS_3","45_68_JA032218D14WTS_3.fcs compensated","JA","3/22/2018","Spleen",8196,1,9910,"3/8/2018","M",14,"WT",11.4,0.089,45.2,565865,426729,419785,401454,389847,18510,9943,574,353078,17092,9509,194583,35661,1504,25,560,95,3605,2161,140951,852,22,50,245,14,0.499126580427706,0.047480165295616,0.0255048775545278,0.00147237249485054,0.0014364609705859,0.0879943833372338,0.00262908823220107,0.0914743476286851,0.210917388251814,0.227258386791461,0.724374688436297,0.566489361702128,0.88,22.5605214353323,2.14610347136184,1.15282046546466,0.0665512367672446,0.0649280358704825,0.188845051540382,0.00303086671959369,4.13464051281657,0.452650539097791,0.261988119241679,16.3422706856793,0.106978712707716,0.00266716271324245,0.0576553387365273,0.0303390446007065,0.123734322605004,0.0651107289353779
"30",33,NA,46,70,"JA032218D14KOS_4","46_70_JA032218D14KOS_4.fcs compensated","JA","3/22/2018","Spleen",8196,1,9911,"3/8/2018","M",14,"KO",11.6,0.133,68.88,342404,253547,244992,237842,233086,14329,10695,4824,195619,13412,9588,105522,31633,1052,293,538,542,7299,6228,78286,905,287,438,255,14,0.452717022901418,0.0614751636734939,0.0458843516985147,0.0206962237114198,0.00230816093630677,0.0784372203996421,0.0305590321234877,0.135713856688089,0.544214136594095,0.649561952440551,0.741892685885408,0.860266159695818,0.979522184300341,31.1831485374497,4.23440927383026,3.16051414499369,1.4255558892426,0.15898612529281,0.332135293473713,0.0965822532835995,9.3479704486756,2.30442538694356,2.05294973873808,23.1345498228122,0.285724753416074,0.0946044597010002,0.0265017365286744,0.0519354838709677,0.112219198929625,0.219916094544088
"31",34,NA,57,72,"GM032718D20WTS","57_72_GM032718D20wts.fcs compensated","GM","3/27/2018","Spleen",8368,1,9914,"3/7/2018","M",18,"WT",12.9,0.102,28.2,562118,434681,431050,427054,420510,37402,14912,872,364598,36355,14615,319847,51602,4543,42,57,260,11427,5656,254914,2615,10,155,21,18,0.760616869991201,0.0889443770659437,0.0354617012675085,0.00207367244536396,0.000135549689662553,0.124962178517398,0.00287375983578515,0.122712896245036,0.314317150323202,0.386999657885734,0.796987309557382,0.575610829848118,0.238095238095238,21.4493957337519,2.50823143325961,1.00001997574374,0.0584775629592637,0.00382250124848398,0.313434064125937,0.0028738172412752,3.46050367411001,0.788380156453242,0.387007388491727,17.0948961974745,0.180416041754199,0.000684242200303619,0.0917809259251126,0.0331812525922854,0.230207803379039,0.0832262607468971
"32",35,NA,58,74,"GM032718D20KOS","58_74_GM032718D20kos.fcs compensated","GM","3/27/2018","Spleen",8368,1,9915,"3/7/2018","M",18,"KO",12.5,0.163,19,130768,105476,103792,102761,101412,11453,10835,900,77028,11257,10658,64982,23046,495,8,24,678,5816,7065,45633,353,7,511,7,18,0.64077229519189,0.112935352818207,0.106841399439908,0.00887468938587149,0.00023665838362324,0.0439726392466909,0.000750609870519797,0.227251212874216,0.516656302744959,0.662882341902796,0.702240620479517,0.713131313131313,0.875,12.1746736086459,2.14577170354593,2.02998658935826,0.168619098331558,0.00449650928884156,0.0943552450257827,0.00152372797099513,4.31777304461011,1.10862647488879,1.34564226438507,8.54955034907112,0.0672876797860632,0.00133326197462074,0.0194241065153139,0.024548532731377,0.0416796981272227,0.0526755468985598
"33",36,NA,35,76,"JA033018D12WTS","35_76_JA033018D12WTS.fcs compensated","JA","3/30/2018","Spleen",7699,1,9948,"3/18/2018","M",12,"WT",10.9,0.095,31.64,757389,594789,586895,567243,548188,21392,10114,1406,513707,21075,9732,267688,36969,2151,11,172,160,5464,3019,187514,1116,5,100,87,12,0.488314227965588,0.0390231088604639,0.0184498748604493,0.00256481353112436,0.000313760972513079,0.102064056939502,0.00113029182079737,0.0674385429816049,0.25926453143535,0.310213727907933,0.700494605660321,0.518828451882845,0.454545454545455,15.4502621728312,1.23469116434508,0.583754040584617,0.0811507001247747,0.00992739717031383,0.126017589300416,0.000659812417430208,2.13375549993798,0.320111626191294,0.181088517111073,10.822825308106,0.065381510766743,0.000299914735195549,0.0780482853880354,0.0240157715514666,0.0963655283608905,0.0296520609395257
"34",37,NA,36,78,"JA033018D12KOS","36_78_JA033018D12KOS.fcs compensated","JA","3/30/2018","Spleen",7699,1,9949,"3/18/2018","M",12,"KO",13.2,0.142,142.2,632534,489070,473112,460094,446281,19649,10621,2479,411328,19344,10360,249396,46459,1329,90,895,976,9611,5787,204094,966,84,700,122,12,0.558831767429041,0.0440283139994757,0.0237989069666869,0.0055547961934297,0.00200546292582476,0.0687034739454094,0.00868725868725869,0.104102572146249,0.496846567411084,0.558590733590734,0.818353141189113,0.72686230248307,0.933333333333333,79.4658773284097,6.26082625072544,3.38420457066288,0.789892018705703,0.285176828052281,0.430140513193451,0.0293994605559516,14.8033857591966,3.11067003183014,1.89038531374769,65.0311503290528,0.312652923811041,0.0274394965188882,0.0451254256081388,0.0235780483372706,0.282522449222593,0.147618063970857
"35",38,NA,17,80,"JA042618D7WTS_1","17_80_JA042618D7WTS_1.fcs compensated","JA","4/26/2018","Spleen",8813,1,10021,"4/19/2018",NA,7,"WT",4.439,0.029,8.8,616794,500762,494505,488334,479948,25375,9077,1896,440855,24618,8173,137416,37193,3215,7,146,191,6263,2427,61327,1807,2,71,31,7,0.286314350721328,0.052870310950353,0.0189124655170977,0.00395042796302933,0.000304199621625676,0.130595499228207,0.000856478649210816,0.0774938118296149,0.254407344219677,0.296953383090664,0.446287186353845,0.562052877138414,0.285714285714286,2.51956628634769,0.465258736363106,0.16642969655046,0.0347637660746581,0.00267695667030595,0.0607606969456246,0.000142543481690104,0.681945544100611,0.11836523949314,0.0494218614374117,1.12445014876612,0.0341507245352235,4.07267090543153e-05,0.107677914389071,0.0229175848391362,0.0500980903828738,0.0106626065627508
"36",39,NA,20,82,"JA042618D7KOS_2","20_82_JA042618D7KOS_2.fcs compensated","JA","4/26/2018","Spleen",8813,1,10025,"4/19/2018",NA,7,"KO",4.549,0.034,7.7,510250,405162,401306,394772,385705,14378,5909,2176,360222,13791,5202,133261,23916,152,6,107,190,3073,1863,59726,31,5,120,22,7,0.345499799069237,0.0372771937102189,0.015319998444407,0.00564161729819422,0.00027741408589466,0.011021680806323,0.00115340253748558,0.0620059371799691,0.222826481038358,0.358131487889273,0.448188142067071,0.203947368421053,0.833333333333333,2.66034845283312,0.287034391568686,0.117963988021934,0.0434404531960955,0.00213608846138889,0.00316360144430718,0.000136059963116417,0.477445716285762,0.0639588634102365,0.0422466185476476,1.19233663032629,0.00064520818929949,0.000113383302597014,0.00272869389294397,0.00829298691337903,0.000783228991338362,0.00238037245296883
"37",40,NA,19,84,"JA042618D7WTS_3","19_84_JA042618D7WTS_3.fcs compensated","JA","4/26/2018","Spleen",8813,1,10022,"4/19/2018",NA,7,"WT",4.018,0.028,11.6,535957,392565,386915,380653,370786,11340,4322,2098,351098,10912,3751,91985,18912,1226,22,67,217,3191,1274,44377,676,21,142,15,7,0.24808110338578,0.0305836789954313,0.0116563192785057,0.00565825031150043,0.000180697221577945,0.112353372434018,0.00586510263929619,0.0510051620071955,0.292430351906158,0.339642761930152,0.482437353916399,0.551386623164764,0.954545454545455,2.87774079927505,0.354770676347003,0.135213303630666,0.065635703613405,0.00209608777030416,0.0398596819282832,0.000793039903992174,0.591659879283468,0.10374571373014,0.0459242198948195,1.38832965645952,0.0219780954188576,0.000756992635628893,0.0919369127926611,0.0204164596413569,0.0326165207327078,0.00724316119557548
"38",41,21,22,86,"JA042618D7KOS_4","22_86_JA042618D7KOS_4.fcs compensated","JA","4/26/2018","Spleen",8813,1,10027,"4/19/2018",NA,7,"KO",4.747,0.034,9.5,480296,392141,389067,381971,372224,12522,4931,487,352910,12048,4515,123810,20187,147,36,63,115,2478,1446,53574,66,34,51,13,7,0.332622291953232,0.0336410333562586,0.0132473994154058,0.00130835196011004,0.000169252922971114,0.0122011952191235,0.0079734219269103,0.0542334723177442,0.205677290836653,0.320265780730897,0.432711412648413,0.448979591836735,0.944444444444444,3.15991177355571,0.319589816884457,0.125850294446355,0.0124293436210454,0.00160790276822558,0.00389937774585119,0.00100345749724668,0.515217987018569,0.0657323677157772,0.0403055428060751,1.36732988737964,0.00175074102874951,0.000947709858510757,0.00249245735504583,0.00970873786407767,0.000796563989691415,0.00310281375615978
"39",42,NA,9,88,"GM042718D4WTS","9_88_GM042718D4WTS.fcs compensated","GM","4/27/2018","Spleen",1307,0,2,"4/23/2018",NA,4,"WT",2.4,0.013,11.5,538608,302612,289484,281555,260842,5269,2426,25613,223420,5060,2103,83512,9763,119,4,7166,24418,3639,1781,65589,50,1,23479,6186,4,0.320163163907653,0.0201999677965972,0.00930064943529033,0.0981935424509857,0.0274725696015212,0.0235177865612648,0.0019020446980504,0.0374287883086313,0.719169960474308,0.846885401806942,0.785384136411534,0.420168067226891,0.25,3.68187638493801,0.232299629660867,0.106957468505839,1.12922573818634,0.315934550417494,0.00546317310862514,0.000203437885888424,0.43043106554926,0.167062915481403,0.0905807186918207,2.89168730495856,0.00229545088597695,5.08594714721059e-05,0.0009450717692722,0.0225727147919926,0.000219539822004872,0.00524363328662026
"40",43,NA,10,90,"GM042718D4KOS","10_90_GM042718D4KOS.fcs compensated","GM","4/27/2018","Spleen",1307,0,1,"4/23/2018",NA,4,"KO",2.9,0.02,9.75,548616,350468,327953,314181,287432,9676,4849,366,270531,9274,4420,149588,13161,110,3,12175,303,4304,3243,103625,11,1,152,9988,4,0.520429179771215,0.0336636143505246,0.0168700770964959,0.00127334465195246,0.0423578446380361,0.0118611171015743,0.000678733031674208,0.0457882212140611,0.464093163683416,0.733710407239819,0.692736048346124,0.1,0.333333333333333,5.07418450276935,0.328220239917615,0.164483251690835,0.0124151103565365,0.412988985220852,0.00389305870076964,0.000111640216079752,0.446435156837095,0.152324769528296,0.120683073582212,3.51507052102758,0.000389305870076964,3.72134053599174e-05,0,0.0185867087497808,0,0.00610053400513189
"41",44,NA,23,92,"AD050318D9WTS_1","23_92_AD050318D9WTS_1.fcs compensated","AD","5/3/2018","Spleen",1293,1,10037,NA,NA,9,"WT",6.2,0.054,7.25,607724,386577,375993,367162,359208,8750,4135,356,345034,8560,3903,69060,13295,961,4,3196,170,3158,1610,49525,647,1,134,1774,9,0.192256297187145,0.0243591456760428,0.0115114362709071,0.000991069241219572,0.00889735195207234,0.112266355140187,0.00102485267742762,0.0370119819157703,0.36892523364486,0.412503202664617,0.717130031856357,0.673257023933403,0.25,1.3938581546068,0.176603806151311,0.0834579129640765,0.0071852519988419,0.0645058016525244,0.0198266656204918,8.55320655537551e-05,0.268336868889334,0.0651536004469438,0.0344266563853864,0.999577542816418,0.013348441890175,2.13830163884388e-05,0.0910626300574501,0.0212037250827369,0.0160820070662945,0.00374465855419736
"42",45,NA,24,94,"AD050318D9KOS_2","24_94_AD050318D9KOS_2.fcs compensated","AD","5/3/2018","Spleen",1293,1,10039,NA,NA,9,"KO",7.7,0.063,9.15,724942,518234,499001,490133,480714,9850,3356,538,465911,9717,3233,151489,18071,139,9,4756,324,5045,1642,103840,27,1,214,2344,9,0.315133322516091,0.0204903539318597,0.00698128200967727,0.00111916857008533,0.00989361657867256,0.0143048265925697,0.00278379214351995,0.0375919985687956,0.51919316661521,0.507887411073306,0.685462310794843,0.194244604316547,0.111111111111111,2.88346990102223,0.187486738476516,0.063878730388547,0.0102403924162808,0.0905265916948539,0.00268196528231303,0.000177825107793666,0.34396678690448,0.0973418334479803,0.0324432029996889,1.97650994146208,0.000520957285053611,1.97583453104074e-05,0,0.0196116193227411,0,0.00367691854306375
"43",46,NA,25,96,"AD050318D9WTS_3","25_96_AD050318D9WTS_3.fcs compensated","AD","5/3/2018","Spleen",1293,1,10036,NA,NA,9,"WT",5.7,0.054,9.15,609005,364344,348474,336383,323468,6878,3548,1656,310315,6732,3323,53959,12847,777,3,5261,1496,2572,1498,37666,493,1,1343,3013,9,0.166814027971855,0.0212633088899056,0.0109686274994744,0.00511951723199822,0.0162643599985161,0.11541889483066,0.000902798675895275,0.0397164479948557,0.382055852644088,0.450797472163707,0.698048518319465,0.634491634491634,0.333333333333333,1.52634835594247,0.194559276342637,0.100362941620191,0.0468435826727837,0.148818893986422,0.02245581665452,9.06075308036634e-05,0.36340549915293,0.0743325102129028,0.0452433603812959,1.06546520830499,0.0142480278129709,3.02025102678878e-05,0.0904489220131621,0.0249699728174979,0.0175976768128524,0.00485813984166771
"44",47,NA,26,98,"AD050318D9KOS_4","26_98_AD050318D9KOS_4.fcs compensated","AD","5/3/2018","Spleen",1293,1,10040,NA,NA,9,"KO",8.4,0.065,10.2,570040,391121,380553,376209,372089,8439,2813,399,359677,8179,2627,142595,10697,115,6,4256,168,3744,1147,79996,19,0,107,1778,9,0.383228206154979,0.0226800577281242,0.00756001924270806,0.00107232409450427,0.0114381236747122,0.0140603985817337,0.00228397411496003,0.0287484983431383,0.457757672087052,0.436619718309859,0.561001437638066,0.165217391304348,0,3.90892770278079,0.231336588826867,0.0771121962756222,0.0109377057639436,0.116668861482065,0.00325268464544439,0.000176122260241238,0.293234683100011,0.105896098369946,0.0336687054161167,2.19291406088328,0.00053740007185603,0,0,0.0178742759674496,0,0.00413497403005984
"45",48,NA,27,100,"AD051018D9WTS_T5","27_100_AD051018D9WTS_T5.fcs compensated","AD","5/10/2018","Spleen",1328,0,5,NA,NA,9,"WT",4.7,0.027,12.5,325553,240283,236301,233332,230924,4100,2483,569,222715,3961,2276,48802,7630,540,1,334,537,1080,450,28499,261,1,255,21,9,0.211333598932982,0.0177547591415357,0.0107524553532764,0.00246401413452045,0.00144636330567633,0.136329209795506,0.000439367311072056,0.0330411737194921,0.272658419591012,0.197715289982425,0.583971968361952,0.483333333333333,1,2.64166998666228,0.221934489269197,0.134405691915955,0.0308001766815056,0.0180795413209541,0.0302561535484388,5.90534674498924e-05,0.413014671493652,0.0605123070968777,0.0265740603524516,1.54266122187386,0.0146238075484121,5.90534674498924e-05,0.116269774431464,0.0200594353640416,0.0258042730058918,0.00445188054254704
"46",49,NA,28,102,"AD051018D9KOS_T3","28_102_AD051018D9KOS_T3.fcs compensated","AD","5/10/2018","Spleen",1328,0,3,NA,NA,9,"KO",5.9,0.039,12.4,369441,267216,264416,260289,257301,7868,3021,819,244227,7738,2859,111404,12878,126,8,763,675,2299,1031,69273,10,1,420,88,9,0.43297150030509,0.030578971710176,0.0117411125491156,0.00318304242890622,0.0029653985021434,0.0162832773326441,0.00279818118223155,0.0500503301580639,0.297105195140863,0.360615599860091,0.621817888047108,0.0793650793650794,0.125,5.36884660378312,0.379179249206183,0.145589795609034,0.0394697261184372,0.0367709414265782,0.00617428087360804,0.000407386626398136,0.620624093959992,0.112656124828769,0.0525019514770598,3.33844485641331,0.000490022291556194,5.0923328299767e-05,0,0.0245431505935708,0,0.00930625341522446
"47",50,NA,29,104,"AD051018D9WTS_T1","29_104_AD051018D9WTS_T1.fcs compensated","AD","5/10/2018","Spleen",1328,0,1,NA,NA,9,"WT",6.7,0.059,10.6,594739,446760,443291,437930,433603,12770,5420,621,412819,12589,5179,159048,21431,1178,2,814,521,2393,1365,100448,325,1,211,99,9,0.366805580219694,0.0294509032455956,0.0124999135153585,0.00143218566292207,0.00187729328440993,0.0935737548653586,0.000386174937246573,0.0494253960420016,0.1900865835253,0.263564394670786,0.631557768723907,0.275891341256367,0.5,3.88813915032876,0.312179574403314,0.1324990832628,0.015181168026974,0.0198993088147453,0.0292118149691877,5.11678251642403e-05,0.523909198045216,0.059341148744708,0.034922040674594,2.4555844862697,0.00805928681238199,2.55839125821202e-05,0.0561803985393466,0.037393356326012,0.0175383729058218,0.0116734420633659
"48",51,NA,30,106,"AD051018D9KOS_T4","30_106_AD051018D9KOS_T4.fcs compensated","AD","5/10/2018","Spleen",1328,0,4,NA,NA,9,"KO",6.6,0.048,13.55,341090,245007,242256,237934,234548,4344,1810,637,226831,4286,1754,95316,7864,85,6,439,577,1337,653,64334,3,0,360,47,9,0.40638163616829,0.0185207292323959,0.0077169705134983,0.00271586199839692,0.00187168511349489,0.0198320111992534,0.00342075256556442,0.0335283182973208,0.311945870275315,0.372291904218928,0.674954886902514,0.0352941176470588,0,5.50647117008033,0.250955881098965,0.104564950457902,0.0367999300782782,0.0253613332878558,0.00497695984447317,0.000357690822546985,0.454308712928697,0.078284650730125,0.0389286845205302,3.71661962583352,0.000175657406275524,0,0,0.0330235317381847,0,0.00828744950435578
"49",52,NA,11,108,"AD052218D4WTS_T2","11_108_AD052218D4WTS_T2.fcs compensated","AD","5/22/2018","Spleen",1372,0,2,NA,NA,4,"WT",2.9,0.027,4.8,631926,500521,489568,471063,457170,7798,3099,236,443831,7551,2948,182210,15353,220,0,260,206,4008,2029,125941,93,0,155,108,4,0.398560710457817,0.0170571122339611,0.00677866001706149,0.000516219349476125,0.000568716232473697,0.0291352138789564,0,0.0335826935275718,0.530790623758443,0.688263229308005,0.691185994182537,0.422727272727273,NA,1.91309141019752,0.0818741387230133,0.0325375680818951,0.0024778528774854,0.00272983791587375,0.00238542054285034,0,0.161196928932345,0.0434580251624735,0.0223944116818742,1.32230198831944,0.00100838232038674,NA,0.007652484308611,0.0214827295703454,0.0006265405618589,0.00175887998099144
"50",53,NA,12,110,"AD052218D4KOS_T4","12_110_AD052218D4KOS_T4.fcs compensated","AD","5/22/2018","Spleen",1372,0,4,NA,NA,4,"KO",2.9,0.026,5.1,739760,605319,595890,574267,557700,9267,3594,2691,538823,8803,3463,207311,18134,45,0,342,2603,4252,2412,136862,8,0,2434,122,4,0.371724941724942,0.0166164604626143,0.00644432490586337,0.00482517482517482,0.000613232920925229,0.00511189367261161,0,0.0325156894387664,0.483017153243213,0.696505919722784,0.66017722166214,0.177777777777778,NA,1.8957972027972,0.084743948359333,0.0328660570199032,0.0246083916083916,0.00312748789671867,0.000433202053410199,0,0.165830016137708,0.0409327806911148,0.0228914032723091,1.25156213017751,7.70136983840354e-05,NA,0,0.00940940940940941,0,0.000797390505082813
"51",54,NA,13,112,"AD052218D4WTS_T3","13_112_AD052218D4WTS_T3.fcs compensated","AD","5/22/2018","Spleen",1372,0,3,NA,NA,4,"WT",2.9,0.027,5.45,934998,749203,730455,700513,675902,7346,2889,266,662635,6840,2752,189312,18422,122,0,633,230,3402,1922,118384,59,0,189,199,4,0.280087941743034,0.0108684395075026,0.00427428828439626,0.000393548177102598,0.000936526301150167,0.0178362573099415,0,0.0272554305209927,0.497368421052632,0.698401162790698,0.625338066260987,0.483606557377049,NA,1.52647928249953,0.059232995315889,0.0232948711499596,0.00214483756520916,0.00510406834126841,0.00105649494569276,0,0.14854209633941,0.0294606213544816,0.0162691650981913,0.954565602705718,0.000510927883572727,NA,0,0.0233984876587245,0,0.00138596250988811
"52",55,NA,14,114,"AD052218D4KOS_T7","14_114_AD052218D4KOS_T7.fcs compensated","AD","5/22/2018","Spleen",1372,0,7,NA,NA,4,"KO",2.6,0.02,4.55,484129,393402,388187,374928,364361,6896,2440,3598,348943,6557,2324,142407,12161,39,0,166,3508,4034,1824,102244,7,0,3251,107,4,0.390840402787345,0.0189262846462711,0.00669665524026995,0.009874821948562,0.000455592118805251,0.00594784200091505,0,0.0333762394987389,0.615220375171572,0.784853700516351,0.717970324492476,0.179487179487179,NA,1.77832383268242,0.0861145951405337,0.0304697813432283,0.0449304398659571,0.00207294414056389,0.000512196005868662,0,0.151861889719262,0.0529794535301072,0.0239143206411568,1.2767837392037,9.19326164379649e-05,NA,0,0.0109777015437393,0,0.000945340324012722
"53",64,NA,116,2,"JP090617D19KOT","116_2_JP090617D19KOT.fcs compensated","JP","9/6/2017","Thymus",1277,1,8863,"8/18/2017","F",18,"KO",11.7,0.096,120.5,50000,48113,47654,45934,43907,5735,1189,32160,2306,5185,787,410,7224,118,7,1812,32160,0,0,0,0,0,0,0,18,0.009337918782882,0.13061698590202,0.0270799644703578,0.732457239164598,0.0412690459380053,0.0227579556412729,0.00889453621346887,0.164529573872048,0,0,0,0,0,1.12521921333728,15.7393468011934,3.26313571867812,88.2610973193341,4.97292003552964,0.358195356324171,0.0290240788192463,19.8258136515818,0,0,0,0,0,0,0.0227579556412729,0,0.35819535632417
"54",65,NA,115,4,"JP090617D19WTT","115_4_JP090617D19WTT.fcs compensated","JP","9/6/2017","Thymus",1277,1,8864,"8/18/2017","F",18,"WT",11.9,0.041,120.5,50000,48749,48439,46824,44942,5181,1038,34424,1800,4536,581,122,6221,169,7,1642,34424,0,0,0,0,0,0,0,18,0.00271460994170264,0.115281918917716,0.0230964354056339,0.765965021583374,0.0365359797071781,0.0372574955908289,0.0120481927710843,0.138422856125673,0,0,0,0,0,0.327110497975168,13.8914712295848,2.78312046637889,92.2987851007966,4.40258555471497,0.517561428086383,0.033531571884083,16.6799541631436,0,0,0,0,0,0,0.0372574955908289,0,0.517561428086382
"55",66,NA,118,6,"JP091317D19KOT","118_6_JP091317D19KOT.fcs compensated","JP","9/13/2017","Thymus",1218,1,NA,"8/25/2017","F",18,"KO",10.7,0.095,85.25,30000,26087,25944,25447,23875,1645,752,12007,6304,1515,343,260,23379,40,6,5217,12007,0,0,0,0,0,0,0,18,0.0108900523560209,0.0689005235602094,0.0314973821989529,0.502910994764398,0.218513089005236,0.0264026402640264,0.0174927113702624,0.979225130890052,0,0,0,0,0,0.928376963350785,5.87376963350785,2.68515183246073,42.8731623036649,18.6282408376963,0.15508302662727,0.0469705859905668,83.478942408377,0,0,0,0,0,0,0.0264026402640264,0,0.15508302662727
"56",67,NA,117,8,"JP091317D19WTT","117_8_JP091317D19WTT.fcs compensated","JP","9/13/2017","Thymus",1218,1,NA,"8/25/2017","M",18,"WT",11.1,0.066,83.75,30000,28926,28773,27938,27475,2548,604,8791,12625,1989,263,58,26668,69,5,11983,8791,0,0,0,0,0,0,0,18,0.00211101000909918,0.0927388535031847,0.0219836214740673,0.319963603275705,0.43614194722475,0.0346907993966818,0.0190114068441065,0.970627843494085,0,0,0,0,0,0.176797088262056,7.76687898089172,1.84112829845314,26.7969517743403,36.5268880800728,0.269439240664419,0.0350024391340901,81.2900818926297,0,0,0,0,0,0,0.0346907993966818,0,0.269439240664419
"57",68,NA,96,10,"JA102517D12KOT","96_10_JA102517D12KOT.fcs compensated","JA","10/25/2017","Thymus",7699,0,2,"10/13/2017",NA,12,"KO",4.5,0.025,24.56,100000,97133,96922,93707,92906,10016,3807,64222,5183,7941,1086,91,92528,56,28,5043,64222,5439,1043,73,56,28,59766,4493,12,0.00097948464038921,0.107807891847674,0.0409769013841948,0.691257830495339,0.0542806707855252,0.00705200856315326,0.0257826887661142,0.995931371493768,0.68492633169626,0.960405156537753,0.802197802197802,1,1,0.024056142767959,2.64776182377887,1.00639269799582,16.9772923169655,1.3331332744925,0.0186720390544789,0.0259475097089163,24.4600744838869,1.81352179316626,0.966544736657131,0.0192977848578133,0.0186720390544789,0.0259475097089163,0,0.00705200856315326,0,0.0186720390544789
"58",69,NA,95,12,"JA102517D12WTT","95_12_JA102517D12WTT.fcs compensated","JA","10/25/2017","Thymus",7699,0,3,"10/13/2017",NA,12,"WT",10.2,NA,66,100000,95969,95711,91045,89620,9324,3076,68420,2693,7818,704,218,88775,122,34,2567,68420,4839,647,141,120,34,65309,2232,12,0.00243249274715465,0.10403927694711,0.0343226958268244,0.763445659451015,0.0286431600089266,0.0156050140700947,0.0482954545454545,0.990571301048873,0.618956254796623,0.919034090909091,0.646788990825688,0.983606557377049,1,0.160544521312207,6.86659227850926,2.26529792457041,50.387413523767,1.89044856058915,0.10715326911974,0.109403592948003,65.3777058692256,4.2501202399215,2.08188601874582,0.103838428922116,0.105396658150564,0.109403592948003,0,0.0156050140700947,0,0.107153269119741
"59",70,NA,102,18,"JA103117D14KOT","102_18_JA103117D14KOT.fcs compensated","JA","10/31/2017","Thymus",7812,1,9169,"10/17/2017","M",14,"KO",9.7,0.069,91,50000,49073,48824,48421,48157,2184,480,40278,2564,2108,213,105,47467,50,16,2157,40278,1054,127,50,42,16,38011,1725,14,0.00218036837842889,0.0453516622713209,0.00996739830138921,0.836389309965322,0.0447909961168677,0.023719165085389,0.0751173708920188,0.985671864941753,0.5,0.596244131455399,0.476190476190476,0.84,1,0.198413522437029,4.1270012666902,0.907033245426418,76.1114272068443,4.07598064663496,0.0978890243522344,0.0681339527080877,89.6961397096995,2.0635006333451,0.540813249620446,0.0944826297319185,0.0822267804558769,0.0681339527080877,0,0.023719165085389,0,0.0978890243522344
"60",71,NA,101,20,"JA103117D14WTT","101_20_JA103117D14WTT.fcs compensated","JA","10/31/2017","Thymus",7812,1,9172,"10/17/2017","F",14,"WT",10.2,0.074,107,50000,48986,48734,48125,47745,2853,309,38848,3031,2571,232,77,47342,154,33,2825,38848,1559,154,51,135,32,37686,2531,14,0.00161273431772961,0.0597549481621112,0.00647188187244738,0.813655880196879,0.0591684993193005,0.0598988720342279,0.142241379310345,0.991559325583831,0.606378840917931,0.663793103448276,0.662337662337662,0.876623376623377,0.96969696969697,0.172562571997068,6.3937794533459,0.692491360351869,87.0611791810661,6.33102942716515,0.382980177291042,0.0985009262569469,106.09684783747,3.87705257400477,0.459670989199086,0.114294690543512,0.335729376196693,0.0955160497037061,0,0.0598988720342279,0,0.382980177291042
"61",72,NA,112,22,"JA111417D18KOT","112_22_JA111417D18KOT.fcs compensated","JA","11/14/2017","Thymus",1217,1,9205,"10/27/2017","",18,"KO",10.7,0.089,108.537,215864,206343,205598,204331,203480,17488,7111,153593,10526,16707,3666,2670,197655,405,150,7376,153593,6523,1608,877,0,145,147157,6150,18,0.0131216827206605,0.0859445645763711,0.0349469235305681,0.754830941615884,0.0362492628268134,0.02424133596696,0.0409165302782324,0.971373107922154,0.390435146944395,0.438625204582651,0.328464419475655,0,0.966666666666667,1.42418807745233,9.3281652054256,3.79303423923727,81.9270859101632,3.93438623943385,0.226127186700028,0.155197800296124,105.429923014547,3.64204355270193,1.66372041917445,0.467795110084529,0,0.150024540286253,0,0.02424133596696,0,0.226127186700028
"62",73,NA,111,24,"JA111417D18WTT","111_24_JA111417D18WTT.fcs compensated","JA","11/14/2017","Thymus",1217,1,9206,"10/27/2017","",18,"WT",10.9,0.068,119.91,227672,206660,205697,204464,203239,24710,7078,144213,11389,22775,4063,863,200136,873,132,9912,144213,9798,2121,434,0,123,138991,8389,18,0.00424623226841305,0.121580995773449,0.0348259930426739,0.709573457850117,0.0487701671431172,0.0383315038419319,0.0324883091311839,0.984732261032577,0.430208562019758,0.522028058085159,0.502896871378911,0,0.931818181818182,0.509165711305409,14.5787772031943,4.17598482574703,85.0849533308076,5.84803074213119,0.558826454374911,0.135670685946002,118.079245420416,6.27191477659264,2.17998124917781,0.256057843228908,0,0.126420411904229,0,0.0383315038419319,0,0.558826454374912
"63",76,NA,124,33,"JA022518WK8M2WTT","124_33_JA022518WK8M2WTT.fcs compensated","JA","2/25/2018","Thymus",9296,1,9550,"12/24/2017","F",56,"WT",20.8,0.098,56.1,350887,332172,330879,323471,319880,30953,15227,247390,13023,29641,13176,4396,304273,1259,521,10392,247390,5662,1911,1894,1,493,5937,5589,56,0.0137426534950606,0.0967644116543704,0.047602225834688,0.773383768913342,0.0324871826935101,0.0424749502378462,0.039541590771099,0.951209828685757,0.191019196383388,0.145036429872495,0.430846223839854,0.00079428117553614,0.946257197696737,0.770962861072902,5.42848349381018,2.670484869326,43.3868294360385,1.82253094910591,0.230574566266557,0.1055952198633,53.362871389271,1.03694455456811,0.38731759147556,0.33216643741403,0.000183141037542936,0.0999202368380174,0,0.0424749502378462,0,0.230574566266557
"64",77,NA,125,35,"JA022518WK8M3WTT","125_35_JA022518WK8M3WTT.fcs compensated","JA","2/25/2018","Thymus",9296,1,9553,"12/24/2017","F",56,"WT",19.7,0.079,27.075,340166,323492,321630,315628,313303,40698,23699,212254,14986,39103,22684,6765,298846,2047,602,11151,212254,7902,1974,2776,2,575,5744,5503,56,0.0215925158712173,0.129899809449638,0.075642429213892,0.677471968030948,0.0355917434560154,0.0523489246349385,0.0265385293599013,0.953856171182529,0.202081681712401,0.0870216892964204,0.410347376201035,0.000977039570102589,0.95514950166113,0.584617367213209,3.51703734084895,2.04801877096613,18.3425535344379,0.963646454071618,0.184113122694366,0.0543514062829134,25.825655834767,0.710728820484066,0.178222053160251,0.239896202717497,0.000179885806247549,0.0519137186257063,0,0.0523489246349385,0,0.184113122694366
"65",78,NA,126,37,"JA022518WK8M4WTT","126_37_JA022518WK8M4WTT.fcs compensated","JA","2/25/2018","Thymus",9319,1,9519,"12/25/2017","M",56,"WT",22.6,0.069,30.6,340493,321066,319370,312971,310504,36992,17076,234050,10674,35267,16381,7381,296813,1356,677,7746,234050,7686,1863,4376,2,670,4672,4510,56,0.0237710303248911,0.119135341251642,0.0549944606188648,0.753774508540953,0.0249465385309046,0.0384495420648198,0.0413283682314877,0.955907170278,0.217937448606346,0.113729320554301,0.592873594363907,0.00147492625368732,0.989660265878877,0.727393527941669,3.64554144230026,1.68283049493726,23.0654999613532,0.763364079045681,0.140169399034768,0.0695486383659439,29.2507594105068,0.794500000723617,0.191387168797273,0.431252415427821,0.000206739526599952,0.068829523936754,0,0.0384495420648198,0,0.140169399034768
"66",79,NA,79,39,"GM030918D7WTT","79_39_GM030918D7WTT.fcs compensated","GM","3/9/2018","Thymus",8813,0,6,"3/2/2018",NA,7,"WT",3.3,0.016,9.8,227066,209024,207706,194294,192019,10799,5265,141899,20092,10268,1238,304,191088,380,37,19573,141899,3184,656,135,0,31,109412,13824,7,0.00158317666480921,0.0562392263265614,0.0274191616454622,0.738984163025534,0.101932621251022,0.037008180755746,0.0298869143780291,0.995151521464022,0.310089598753409,0.529886914378029,0.444078947368421,0,0.837837837837838,0.0155151313151303,0.551144418000302,0.268707784125529,7.24204479765023,0.998939688260016,0.0203968522438756,0.00803084653686961,9.75248491034741,0.170904151432895,0.142384738599634,0.00688994318270588,0,0.00672854709845833,0,0.037008180755746,0,0.0203968522438756
"67",80,NA,80,41,"GM030918D7KOTT3","80_41_GM030918D7KOTT3.fcs compensated","GM","3/9/2018","Thymus",8813,0,3,"3/2/2018",NA,7,"KO",3.6,0.016,13.35,95236,86062,85543,78571,77604,3170,3153,42726,19210,3102,695,124,75749,43,12,16716,42726,575,270,53,0,7,25463,10190,7,0.00159785578062986,0.0408484098757796,0.0406293490026287,0.550564403896706,0.215401267975878,0.0138620245003224,0.0172661870503597,0.976096592959126,0.185364281108962,0.388489208633094,0.42741935483871,0,0.583333333333333,0.0213313746714087,0.545326271841658,0.542401809185094,7.35003479202103,2.87560692747796,0.00755932614093852,0.00936521109384334,13.0308895160043,0.101084012349759,0.210717249611475,0.0091174423998763,0,0.00546303980474195,0,0.0138620245003224,0,0.00755932614093854
"68",81,NA,82,43,"GM030918D7KOTT5","82_43_GM030918D7KOTT5.fcs compensated","GM","3/9/2018","Thymus",8813,0,5,"3/2/2018",NA,7,"KO",3.9,0.018,13.1,141271,130268,129725,118945,117386,6374,2288,87026,13087,6190,847,106,116485,140,18,12402,87026,1846,454,65,0,17,68558,8364,7,0.000903003765355323,0.0542994905695739,0.0194912510861602,0.741366091356721,0.105651440546573,0.0226171243941842,0.0212514757969303,0.99232446799448,0.298222940226171,0.536009445100354,0.613207547169811,0,0.944444444444444,0.0118293493261547,0.711323326461418,0.255335389228698,9.71189579677304,1.3840338711601,0.0160880881590628,0.00542625384429347,12.9994505307277,0.212132933868785,0.136862180294958,0.00725384628490621,0,0.00512479529738828,0,0.0226171243941842,0,0.0160880881590628
"69",82,NA,119,45,"GM031318D19WTT","119_45_GM031318D19WTT.fcs compensated","GM","3/13/2018","Thymus",8368,1,9887,"2/22/2018","M",18,"WT",10.9,0.072,16.575,39678,37743,37689,37082,36972,3612,1142,24582,4562,2412,393,22,36572,51,2,4403,24582,721,174,12,5,0,19283,2699,18,0.000595044898842367,0.0976955533917559,0.0308882397489992,0.66488153197014,0.119090122254679,0.0211442786069652,0.00508905852417303,0.98918100183923,0.298922056384743,0.442748091603053,0.545454545454545,0.0980392156862745,0,0.00986286919831223,1.61930379746835,0.511972573839662,11.0204113924051,1.97391877637131,0.0342390106429876,0.00260545839104154,16.3956751054852,0.484045621050864,0.226674880020614,0.00537974683544304,0.00335676574931251,0,0,0.0211442786069652,0,0.0342390106429875
"70",83,NA,120,47,"GM031318D19KOT","120_47_GM031318D19KOT.fcs compensated","GM","3/13/2018","Thymus",8368,1,9886,"2/22/2018","M",18,"KO",12.4,0.089,195.3,37500,35801,35771,35213,35085,2053,1069,25523,3393,1823,385,35,34682,38,1,3261,25523,442,142,19,0,0,18840,1654,18,0.000997577312241699,0.0585150349152059,0.0304688613367536,0.727461878295568,0.0929457032920051,0.0208447613823368,0.0025974025974026,0.98851360980476,0.242457487657707,0.368831168831169,0.542857142857143,0,0,0.194826849080804,11.4279863189397,5.95056861906798,142.073304831124,18.1522958529286,0.238213647898908,0.0154560223871896,193.05670799487,2.77080085187677,2.19475517898092,0.105763146643865,0,0,0,0.0208447613823368,0,0.238213647898908
"71",84,NA,127,49,"GM031318WK6WTTM1","127_49_GM031318WK6WTTM1.fcs compensated","GM","3/13/2018","Thymus",9760,1,9760,"1/27/2018","M",56,"WT",24,0.045,82.875,32898,31726,31702,31259,31173,2712,1269,23615,1852,2587,828,41,30892,80,3,1787,23615,417,158,2,6,0,17266,644,56,0.00131524075321592,0.0869983639688192,0.0407083052641709,0.757546594809611,0.0573252494145575,0.0309238500193274,0.0036231884057971,0.990985788984057,0.161190568225744,0.190821256038647,0.0487804878048781,0.075,0,0.10900057742277,7.20998941391589,3.37370079876816,62.7816740448465,4.75083004523145,0.222960631276873,0.0122235536187252,82.1279472620537,1.1621822905307,0.643773823919529,0.00531710133769608,0.0167220473457655,0,0,0.0309238500193274,0,0.222960631276873
"72",85,NA,128,51,"GM031318WK6WTTM2","128_51_GM031318WK6WTTM2.fcs compensated","GM","3/13/2018","Thymus",9761,1,9761,"1/27/2018","F",56,"WT",23.3,0.066,171.38,33954,32593,32559,32039,31913,2649,1976,24818,1224,2548,1671,29,31540,114,10,1161,24818,460,342,4,10,1,18093,427,56,0.000908720584087989,0.0830069250775546,0.0619183404882023,0.77767680882399,0.0363801585560743,0.0447409733124019,0.00598444045481747,0.988311973177075,0.180533751962323,0.204667863554758,0.137931034482759,0.087719298245614,0.1,0.155736533701,14.2257268197913,10.6115651928681,133.278251496255,6.23483157334002,0.636472863993803,0.0635042800291329,169.376905963087,2.56822383716798,2.17184637699635,0.0214809012001379,0.0558309529819125,0.00635042800291329,0,0.0447409733124019,0,0.636472863993802
"73",86,NA,97,53,"GM032118D12WTT_1","97_53_GM032118D12WTT_1.fcs compensated","GM","3/21/2018","Thymus",7998,0,8,"3/9/2018","F",12,"WT",9.8,0.059,32.2,109600,103820,102509,97237,95134,7955,2863,70745,3282,7620,914,181,93114,272,5,2823,70745,4915,683,136,65,3,69059,2587,12,0.00190257951941472,0.0836188954527298,0.0300943931717367,0.74363529337566,0.0296739336094351,0.0356955380577428,0.00547045951859956,0.978766792103769,0.64501312335958,0.7472647702407,0.751381215469613,0.238970588235294,0.6,0.061263060525154,2.6925284335779,0.969039460129922,23.9450564466962,0.955500662223811,0.0961112511723345,0.00530109113856631,31.5162907057414,1.73671617467656,0.724129049528158,0.0460319128807787,0.0229677622286829,0.00318065468313979,0,0.0356955380577428,0,0.0961112511723345
"74",87,NA,98,55,"GM032118D12KOT_2","98_55_GM032118D12KOT_2.fcs compensated","GM","3/21/2018","Thymus",7998,0,9,"3/9/2018","F",12,"KO",9.5,0.065,29.9,119483,111518,110648,102407,99985,7845,2118,76498,4280,7406,702,146,98916,153,1,3879,76498,4498,547,111,18,1,73553,3548,12,0.00146021903285493,0.0784617692653898,0.0211831774766215,0.765094764214632,0.0387958193729059,0.0206589251957872,0.00142450142450142,0.989308396259439,0.607345395625169,0.779202279202279,0.76027397260274,0.117647058823529,1,0.0436605490823624,2.34600690103515,0.633377006550983,22.8763334500175,1.15999499924989,0.0484659810772858,0.000902246448078323,29.5803210481572,1.42483648944857,0.493528807098843,0.0331939790968645,0.00570188012673951,0.000902246448078323,0,0.0206589251957872,0,0.0484659810772857
"75",88,NA,103,57,"GM032118D14WTT_3","103_57_GM032118D14WTT_3.fcs compensated","GM","3/21/2018","Thymus",8368,1,9918,"3/7/2018","F",14,"WT",8.7,0.058,30.5,264089,239690,236894,224031,218954,13720,3369,176256,10903,12508,764,303,217075,391,2,10024,176256,6788,623,229,99,2,165120,9355,14,0.00138385231601158,0.062661563616102,0.0153867935730793,0.804991002676361,0.0457813056623766,0.0312599936040934,0.00261780104712042,0.991418288772984,0.54269267668692,0.815445026178011,0.755775577557756,0.253196930946292,1,0.0422074956383533,1.91117769029111,0.469297203978918,24.552225581629,1.39632982270249,0.0597434023747861,0.0012285267119867,30.238257807576,1.03718213636841,0.382686070783856,0.0318993943933429,0.0151268461255852,0.0012285267119867,0,0.0312599936040934,0,0.0597434023747861
"76",89,NA,104,59,"GM032118D14KOT_4","104_59_GM032118D14KOT_4.fcs compensated","GM","3/21/2018","Thymus",8368,1,9917,"3/7/2018","M",14,"KO",9.1,0.042,35.7,168634,156563,154453,147351,143017,8318,4409,109535,8337,7286,629,233,141582,165,2,7462,109535,3451,499,163,15,2,102641,6961,14,0.00162917695099184,0.0581609179328332,0.030828502905249,0.765887971360048,0.0521756154862709,0.0226461707384024,0.00317965023847377,0.989966227791102,0.473648092231677,0.793322734499205,0.699570815450644,0.0909090909090909,1,0.0581616171504087,2.07634477020214,1.10057755371739,27.3422005775537,1.86266947285987,0.0470212581777867,0.00349945168113638,35.3417943321423,0.983456739221466,0.873113194443526,0.0406881699378396,0.00427465983434424,0.00349945168113638,0,0.0226461707384024,0,0.0470212581777866
"77",90,NA,105,61,"GM032118D14WTT_5","105_61_GM032118D14WTT_5.fcs compensated","GM","3/21/2018","Thymus",8368,1,9920,"3/7/2018","F",14,"WT",8.8,0.053,27,209283,197452,195494,185016,180710,10966,4046,138269,9173,9606,885,236,178723,269,4,8219,138269,5582,708,190,42,3,132766,7611,14,0.00130595982513419,0.0606828620441592,0.0223894637817498,0.765143046870677,0.04548171102872,0.0280033312513013,0.00451977401129944,0.989004482319739,0.581095148865293,0.8,0.805084745762712,0.156133828996283,0.75,0.0352609152786232,1.6384372751923,0.604515522107244,20.6588622655083,1.22800619777544,0.0458817017516894,0.00273227354624743,26.7031210226329,0.952087952334312,0.483612417685795,0.0283880250124509,0.0071636857753567,0.00204920515968557,0,0.0280033312513013,0,0.0458817017516895
"78",91,NA,106,63,"GM032118D14KOT_6","106_63_GM032118D14KOT_6.fcs compensated","GM","3/21/2018","Thymus",8368,1,9919,"3/7/2018","F",14,"KO",11,0.072,28.7,254241,238403,235696,218924,208755,15126,3289,162223,10051,14017,984,314,206698,256,2,9094,162223,7598,710,238,19,1,154711,8295,14,0.00150415558908769,0.0724581447150967,0.0157553112500299,0.777097554549592,0.0435630284304568,0.0182635371334808,0.00203252032520325,0.990146343800149,0.542056074766355,0.721544715447154,0.75796178343949,0.07421875,0.5,0.0431692654068166,2.07954875332327,0.452177432875859,22.3026998155733,1.25025891595411,0.0379799158772033,0.000919059822918413,28.4172000670643,1.12723203451168,0.326266237136037,0.0327206533975234,0.00281882188151118,0.000459529911459207,0,0.0182635371334808,0,0.0379799158772032
"79",92,NA,107,65,"JA032218D14WTT_1","107_65_JA032218D14WTT_1.fcs compensated","JA","3/22/2018","Thymus",8196,1,9912,"3/8/2018","M",14,"WT",12.1,0.085,133.2,497047,473850,468934,443971,436341,31896,9284,338878,17879,29797,2404,645,431527,575,22,16677,338878,18565,1961,478,138,22,331973,15660,14,0.00147820168171224,0.073098791999835,0.0212769370744441,0.776635704643845,0.0382201076680853,0.0192972446890627,0.00915141430948419,0.988967344347655,0.623049300265127,0.815723793677205,0.741085271317829,0.24,1,0.19689646400407,9.73675909437802,2.83408801831595,103.44787585856,5.09091834138896,0.187892622722669,0.0259359136451543,131.730450267108,6.06648094060234,2.3118330299158,0.145917069447978,0.0450942294534405,0.0259359136451543,0,0.0192972446890627,0,0.187892622722669
"80",93,NA,108,67,"JA032218D14KOT_2","108_67_JA032218D14KOT_2.fcs compensated","JA","3/22/2018","Thymus",8196,1,9913,"3/8/2018","M",14,"KO",11.7,0.089,146.37,399635,379409,372685,354674,349011,32772,11863,246707,17050,29421,2949,1775,342815,689,243,15168,246707,18824,2456,1134,306,242,243269,14437,14,0.0050857995879786,0.0938996192097097,0.033990332682924,0.706874568423345,0.04345994825378,0.0234186465449849,0.0824008138351984,0.982246977888949,0.639815098059209,0.832824686334351,0.63887323943662,0.444121915820029,0.995884773662551,0.744408485692428,13.7440872637252,4.97516499479959,103.465230580125,6.36123262590577,0.321867921712609,0.409957644535877,143.771490153605,8.79367454037468,4.14344022625561,0.47558266071843,0.142948598032015,0.408270576039844,0,0.0234186465449849,0,0.321867921712609
"81",94,NA,109,69,"JA032218D14WTT_3","109_69_JA032218D14WTT_3.fcs compensated","JA","3/22/2018","Thymus",8196,1,9910,"3/8/2018","M",14,"WT",11.4,0.077,129,505780,483865,477681,456764,450400,32290,14198,314220,27537,30291,2532,798,445603,919,430,26421,314220,18623,2126,556,450,428,305560,24331,14,0.00177175843694494,0.0716918294849023,0.0315230905861456,0.697646536412078,0.058661190053286,0.0303390446007065,0.169826224328594,0.98934946714032,0.614803076821498,0.839652448657188,0.696741854636591,0.489662676822633,0.995348837209302,0.228556838365897,9.2482460035524,4.06647868561279,89.9964031971581,7.56729351687389,0.280582947980082,0.690594721490324,127.626081261101,5.68585009818614,3.41442878578704,0.159245115452931,0.137390997378712,0.687382653018276,0,0.0303390446007065,0,0.280582947980082
"82",95,NA,110,71,"JA032218D14KOT_4","110_71_JA032218D14KOT_4.fcs compensated","JA","3/22/2018","Thymus",8196,1,9911,"3/8/2018","M",14,"KO",11.6,0.094,90.9,285011,268111,262936,251222,246911,16242,10383,140186,24433,15500,1215,1938,241459,805,578,22028,140186,10193,1098,1114,637,578,138289,20648,14,0.00784898202186213,0.0657807874092284,0.0420515894391096,0.567759233083986,0.0892143322897724,0.0519354838709677,0.475720164609053,0.977919169255319,0.657612903225806,0.903703703703704,0.574819401444788,0.791304347826087,1,0.713472465787268,5.97947357549886,3.82248948001507,51.6093142873343,8.10958280514031,0.310546853437199,1.81843532464914,88.8928524853085,3.9321789777458,3.45439790045806,0.410117815731175,0.245737075328566,1.81843532464914,0,0.0519354838709677,0,0.310546853437199
"83",96,NA,121,73,"GM032718D20WTT","121_73_GM032718D20WTT.fcs compensated","GM","3/27/2018","Thymus",8368,1,9914,"3/7/2018","M",18,"WT",12.9,0.083,45.7,34004,30993,30913,30323,29797,2569,1885,20978,1673,2411,312,18,29506,80,0,1557,20978,1250,168,12,10,0,20323,1357,18,0.000604087659831527,0.0862167332281773,0.0632614021545793,0.704030607108098,0.0522535825754271,0.0331812525922854,0,0.990233916166057,0.518457071754459,0.538461538461538,0.666666666666667,0.125,NA,0.0276068060543008,3.9401047085277,2.89104607846427,32.1741987448401,2.38798872369702,0.130737609573711,0,45.2536899687888,2.04277514958923,1.55671711917307,0.0184045373695338,0.0163422011967138,NA,0,0.0331812525922854,0,0.130737609573711
"84",97,NA,122,75,"GM032718D20KOT","122_75_GM032718D20KOT.fcs compensated","GM","3/27/2018","Thymus",8368,1,9915,"3/7/2018","M",18,"KO",12.5,0.081,38.6,52119,48003,47922,46690,45782,3672,3175,33017,1863,3544,617,34,44856,87,1,1663,33017,1650,323,24,6,1,31336,1333,18,0.000742649949761915,0.0802061945742868,0.0693503997204141,0.721178629155563,0.0363243196015901,0.024548532731377,0.00162074554294976,0.979773710191778,0.465575620767494,0.523500810372772,0.705882352941177,0.0689655172413793,1,0.0286662880608099,3.09595911056747,2.67692542920799,27.8374950854047,1.40211873662138,0.0760012535607703,0.00433861495819771,37.8192652134026,1.44140308477323,1.40137263149786,0.0202350268664541,0.00524146576281175,0.00433861495819771,0,0.024548532731377,0,0.0760012535607704
"85",98,NA,99,77,"JA033018D12WTT","99_77_JA033018D12WTT.fcs compensated","JA","3/30/2018","Thymus",7699,1,9948,"3/18/2018","M",12,"WT",10.9,0.088,142.25,586702,521177,518284,500738,486555,50823,8781,368756,22413,50217,5794,646,482691,1206,74,20369,368756,32218,3754,502,313,70,364492,18931,12,0.00132770190420405,0.104454789283843,0.0180472916730894,0.757891708028897,0.0418637153045391,0.0240157715514666,0.0127718329306179,0.992058451768043,0.641575562060657,0.647911632723507,0.777089783281734,0.259535655058043,0.945945945945946,0.188865595873026,14.8586937756266,2.56722724049696,107.810095467111,5.95511350207068,0.356842995268648,0.0327881974105584,141.120314764004,9.53297481058482,1.66333639296265,0.146765524966345,0.0926134805299226,0.0310158624153931,0,0.0240157715514666,0,0.356842995268647
"86",99,NA,100,79,"JA033018D12KOT","100_79_JA033018D12KOT.fcs compensated","JA","3/30/2018","Thymus",7699,1,9949,"3/18/2018","M",12,"KO",13.2,0.109,179.4,299082,258586,257091,244801,236119,22291,5596,180332,11327,22012,3576,2302,231963,519,119,8285,180332,13148,2122,1081,181,112,177965,7655,12,0.00974932131679365,0.0944057869125314,0.0236999140264019,0.763733541138155,0.0350882394047069,0.0235780483372706,0.0332774049217002,0.982398705737361,0.597310557877521,0.593400447427293,0.469591659426586,0.348747591522158,0.941176470588235,1.74902824423278,16.9363981721081,4.25176457633651,137.013797280185,6.29483014920443,0.399327214761227,0.141487691438491,176.242327809283,10.1162894406177,2.5229990019536,0.821329075593239,0.139264404377229,0.133164886059756,0,0.0235780483372706,0,0.399327214761226
"87",100,NA,81,81,"JA042618D7WTT_1","81_81_JA042618D7WTT_1.fcs compensated","JA","4/26/2018","Thymus",8813,1,10021,"4/19/2018",NA,7,"WT",4.439,0.01,18.7,297626,278724,277312,271579,268398,13858,6787,194249,29695,13614,2608,401,265280,312,9,27667,194249,7620,1578,275,71,4,177074,21516,7,0.00149404988114666,0.0516322774387291,0.0252870736741704,0.723734901154256,0.103081990178764,0.0229175848391362,0.00345092024539877,0.988382923866795,0.559717937417365,0.605061349693252,0.685785536159601,0.227564102564103,0.444444444444444,0.0279387327774425,0.965523588104233,0.472868277706987,13.5338426515846,1.92763321634289,0.0221274687445659,0.00163183071294589,18.4827606763091,0.540420871261515,0.286114318336513,0.0191599788373982,0.00503541756687238,0.000725258094642619,0,0.0229175848391362,0,0.022127468744566
"88",101,NA,84,83,"JA042618D7KOT_2","84_83_JA042618D7KOT_2.fcs compensated","JA","4/26/2018","Thymus",8813,1,10025,"4/19/2018",NA,7,"KO",4.549,0.015,28.2,670996,634434,631070,611000,602385,42549,16910,470932,41271,41722,6893,1068,596376,346,15,37596,470932,24494,4366,830,96,15,433649,33447,7,0.00177295251375781,0.0706342289399636,0.0280717481344987,0.781779094764976,0.0624119126472273,0.00829298691337903,0.00217612070216161,0.990024652008267,0.58707636259048,0.633396199042507,0.777153558052434,0.277456647398844,1,0.0499972608879703,1.99188525610697,0.791623297392863,22.0461704723723,1.76001593665181,0.0165186783618478,0.00172266784577005,27.9186951866331,1.16938875085289,0.501411187642136,0.0388555491919619,0.00458321711773811,0.00172266784577005,0,0.00829298691337903,0,0.0165186783618477
"89",102,NA,83,85,"JA042618D7WTT_3","83_85_JA042618D7WTT_3.fcs compensated","JA","4/26/2018","Thymus",8813,1,10022,"4/19/2018",NA,7,"WT",4.018,0.009,10.4,435525,399966,396671,384641,377884,45364,12341,258288,36209,44278,7580,1258,372642,904,67,31968,258288,31051,5736,1054,463,66,249826,28811,7,0.00332906394554943,0.120047421960178,0.0326581702321347,0.683511342104985,0.0845973896751384,0.0204164596413569,0.00883905013192612,0.986128018121963,0.70127377026966,0.756728232189974,0.837837837837838,0.51216814159292,0.985074626865672,0.0346222650337141,1.24849318838585,0.339644970414201,7.10851795789184,0.879812852621439,0.0254898107931888,0.00300213892054769,10.2557313884684,0.875535525375337,0.257018938033754,0.0290078436768956,0.0130550690235027,0.00295733087695742,0,0.0204164596413569,0,0.0254898107931887
"90",103,85,86,87,"JA042618D7KOT_4","86_87_JA042618D7KOT_4.fcs compensated","JA","4/26/2018","Thymus",8813,1,10027,"4/19/2018",NA,7,"KO",4.747,0.013,10.6,339546,316566,314684,304785,299720,23789,8990,220058,26200,23175,4157,768,295845,225,34,23465,220058,15562,3023,595,107,34,212752,20521,7,0.0025623915654611,0.0793707460296277,0.0299946616842386,0.734211931135727,0.0782897370879488,0.00970873786407767,0.00817897522251624,0.987071266515414,0.671499460625674,0.727207120519605,0.774739583333333,0.475555555555556,1,0.0271613505938876,0.841329907914053,0.317943413852929,7.7826464700387,0.829871213132257,0.00816825153314614,0.00260045130406534,10.4629554250634,0.564952579372535,0.231210714476162,0.0210429734418791,0.00388445739576283,0.00260045130406534,0,0.00970873786407767,0,0.00816825153314615
"91",104,NA,73,89,"GM042718D4WTT","73_89_GM042718D4WTT.fcs compensated","GM","4/27/2018","Thymus",1307,0,2,"4/23/2018",NA,4,"WT",2.4,0.015,26.6,431126,393693,391223,386287,382160,32324,7666,290863,29447,31321,5271,501,375165,707,1,25790,290863,23099,4017,468,352,0,283967,23514,4,0.00131096922754867,0.0845823738748168,0.0200596608750262,0.761102679505966,0.067484823110739,0.0225727147919926,0.000189717321191425,0.981696148210174,0.737492417228058,0.762094479225953,0.934131736526946,0.497878359264498,0,0.0348717814527946,2.24989114507013,0.533586979275696,20.2453312748587,1.79509629474566,0.0507861511306976,0.000101230692330809,26.1131175423906,1.65927765907777,0.406643691092861,0.0325748377642872,0.0252853255983106,0,0,0.0225727147919926,0,0.0507861511306977
"92",105,NA,74,91,"GM042718D4KOT","74_91_GM042718D4KOT.fcs compensated","GM","4/27/2018","Thymus",1307,0,1,"4/23/2018",NA,4,"KO",2.9,0.017,35.6,570880,513334,506570,498762,492066,52500,6703,394879,21038,51327,6389,529,486386,954,9,16699,394879,35765,4507,487,187,1,383786,15385,4,0.00107505903679588,0.106693004596944,0.0136221563773965,0.802491942137843,0.0339365044526547,0.0185867087497808,0.00140867115354516,0.988456833026464,0.696806748884603,0.705431209892002,0.920604914933837,0.19601677148847,0.111111111111111,0.0382721017099332,3.79827096365122,0.484948767035316,28.5687131401072,1.20813955851451,0.0705973561541345,0.00068313333906994,35.1890632557421,2.64666084156459,0.342097995465358,0.0352334849390123,0.0138382658289551,7.59037043411045e-05,0,0.0185867087497808,0,0.0705973561541345
"93",106,NA,87,93,"AD050318D9WTT_1","87_93_AD050318D9WTT_1.fcs compensated","AD","5/3/2018","Thymus",1293,1,10037,NA,NA,9,"WT",6.2,0.033,20.7,553751,508437,503725,485941,461242,29121,6602,355984,51650,25986,3541,354,424563,551,6,19029,355984,14391,2141,262,78,1,337178,16228,9,0.000767492986328218,0.0631360543922713,0.0143135273890929,0.77179441594651,0.0412560001040668,0.0212037250827369,0.00169443659983056,0.920477753543693,0.553798199030247,0.604631460039537,0.740112994350282,0.141560798548094,0.166666666666667,0.0158871048169941,1.30691632592002,0.296290016954224,15.9761444100927,0.853999202154184,0.0277114944809485,0.000502044648891653,19.0538894983544,0.723767907577732,0.179146265546171,0.0117582527176623,0.00392286128768418,8.36741081486087e-05,0,0.0212037250827369,0,0.0277114944809487
"94",107,NA,88,95,"AD050318D9KOT_2","88_95_AD050318D9KOT_2.fcs compensated","AD","5/3/2018","Thymus",1293,1,10039,NA,NA,9,"KO",7.7,0.04,27.9,552321,506872,502714,483396,461980,33450,6697,364711,40116,31155,4498,365,431408,611,22,13753,364711,14966,2585,250,29,2,338314,11373,9,0.000790077492532144,0.0724057318498636,0.0144962985410624,0.789451924325728,0.0297696869994372,0.0196116193227411,0.0048910626945309,0.933823975063856,0.480372331888942,0.574699866607381,0.684931506849315,0.0474631751227496,0.0909090909090909,0.0220431620416468,2.02011991861119,0.40444672929564,22.0257086886878,0.830574267284298,0.0396178228300896,0.00197817430958295,26.0536889042816,0.97040971599856,0.232435481375996,0.0150980561929088,0.00188038766296661,0.000179834028143904,0,0.0196116193227411,0,0.0396178228300894
"95",108,NA,89,97,"AD050318D9WTT_3","89_97_AD050318D9WTT_3.fcs compensated","AD","5/3/2018","Thymus",1293,1,10036,NA,NA,9,"WT",5.7,0.034,18.4,650365,593534,589761,573721,548138,33710,8057,417064,71652,31638,4646,340,484408,790,16,16847,417064,16146,2804,231,129,2,394498,14028,9,0.000620281753864903,0.0614991115376055,0.0146988532084986,0.760874086452682,0.0307349609040059,0.0249699728174979,0.00344382264313388,0.883733658312323,0.510335672292812,0.603529918209212,0.679411764705882,0.163291139240506,0.125,0.0114131842711142,1.13158365229194,0.270458899036374,14.0000831907293,0.565523280633709,0.0282556130384548,0.000931412480538525,16.2606993129467,0.577487503947964,0.163230037214376,0.00775425166655112,0.00461389124298819,0.000116426560067316,0,0.0249699728174979,0,0.0282556130384547
"96",109,NA,90,99,"AD050318D9KOT_4","90_99_AD050318D9KOT_4.fcs compensated","AD","5/3/2018","Thymus",1293,1,10040,NA,NA,9,"KO",8.4,0.041,35.2,1089720,1001652,995702,969891,939622,60810,10942,736068,97650,56282,8460,748,866588,1006,35,30526,736068,27635,4837,548,44,3,677030,23929,9,0.000796064800526169,0.0647175140641662,0.011645108352082,0.78336607699692,0.0324875322204035,0.0178742759674496,0.0041371158392435,0.922272999142208,0.491009559006432,0.571749408983452,0.732620320855615,0.0437375745526839,0.0857142857142857,0.0280214809785212,2.27805649505865,0.409907813993287,27.5744859102916,1.1435611341582,0.0407186104621194,0.0016958361099013,32.4640095698057,1.11854751503049,0.23436455038836,0.0205291063853337,0.00178093326076864,0.000145357380848683,0,0.0178742759674496,0,0.0407186104621193
"97",110,NA,91,101,"AD051018D9WTT_T5","91_101_AD051018D9WTT_T5.fcs compensated","AD","5/10/2018","Thymus",1328,0,5,NA,NA,9,"WT",4.7,0.032,14.2,66954,64042,63738,62787,62164,2974,1658,51397,3469,2692,282,20,58479,54,1,2147,51397,1397,171,12,10,0,48856,1934,9,0.000321729618428673,0.0478411942603436,0.026671385367737,0.826796859918924,0.034537674538318,0.0200594353640416,0.00354609929078014,0.940721317804517,0.518945022288262,0.606382978723404,0.6,0.185185185185185,0,0.00456856058168715,0.679344958496879,0.378733672221865,11.7405154108487,0.490434978444116,0.0136272762848557,0.00134302720646051,13.3582427128241,0.352542684628581,0.229657652304748,0.00274113634901229,0.00252356968238068,0,0,0.0200594353640416,0,0.0136272762848557
"98",111,NA,92,103,"AD051018D9KOT_T3","92_103_AD051018D9KOT_T3.fcs compensated","AD","5/10/2018","Thymus",1328,0,3,NA,NA,9,"KO",5.9,0.034,26.5,188876,180258,179325,178178,176715,7822,3489,151788,8271,7497,1337,77,170980,184,7,4297,151788,3389,874,39,8,2,141812,3896,9,0.000435729847494553,0.0442633619104207,0.0197436550377727,0.858942364824718,0.0243159890218714,0.0245431505935708,0.00523560209424084,0.967546614605438,0.452047485660931,0.653702318623785,0.506493506493506,0.0434782608695652,0.285714285714286,0.0115468409586057,1.17297909062615,0.523206858500976,22.761972667855,0.644373709079591,0.0287886024643473,0.00273930292408888,25.6399852870441,0.530242248650396,0.342021536521954,0.00584839996604702,0.0012516783680151,0.000782657978311109,0,0.0245431505935708,0,0.0287886024643473
"99",112,NA,93,105,"AD051018D9WTT_T1","93_105_AD051018D9WTT_T1.fcs compensated","AD","5/10/2018","Thymus",1328,0,1,NA,NA,9,"WT",6.7,0.041,27.2,99677,96032,95377,93731,92752,5773,2771,75958,4641,5509,942,93,88647,206,0,3477,75958,2241,538,58,24,0,67022,3096,9,0.00100267379679144,0.0622412454717958,0.029875366568915,0.818936518889081,0.0374870622735898,0.037393356326012,0,0.955742194238399,0.406788890905791,0.571125265392781,0.623655913978495,0.116504854368932,NA,0.0272727272727273,1.69296187683284,0.812609970674487,22.275073313783,1.01964809384164,0.0633055267067646,0,25.9961876832845,0.688678084222618,0.464102085162287,0.0170087976539589,0.00737540116972014,NA,0,0.037393356326012,0,0.0633055267067644
"100",113,NA,94,107,"AD051018D9KOT_T4","94_107_AD051018D9KOT_T4.fcs compensated","AD","5/10/2018","Thymus",1328,0,4,NA,NA,9,"KO",6.6,0.042,32.2,114872,110861,110286,107998,106900,5425,2772,89393,4342,5057,957,71,100513,167,6,3307,89393,1939,514,39,4,0,77370,3022,9,0.000664172123479888,0.0507483629560337,0.0259307764265669,0.83623012160898,0.0309354536950421,0.0330235317381847,0.00626959247648903,0.940252572497661,0.383428910421198,0.537095088819227,0.549295774647887,0.0239520958083832,0,0.0213863423760524,1.63409728718428,0.834971000935454,26.9266099158092,0.996121608980356,0.0539636636266117,0.00523492790555143,30.2761328344247,0.626560142347306,0.448458823908906,0.0117474275023386,0.00129254284135597,0,0,0.0330235317381847,0,0.0539636636266116
"101",114,NA,75,109,"AD052218D4WTT_T2","75_109_AD052218D4WTT_T2.fcs compensated","AD","5/22/2018","Thymus",1372,0,2,NA,NA,4,"WT",2.9,0.017,11.4,357792,326133,323427,315242,305843,24215,5255,248366,13785,23740,3906,325,244788,510,3,12107,248366,16188,2573,301,215,0,236158,10557,4,0.0010626367123001,0.0791746091949137,0.017182018225037,0.81207024519116,0.0395856697717456,0.0214827295703454,0.000768049155145929,0.800371432401592,0.681887110362258,0.658730158730159,0.926153846153846,0.42156862745098,0,0.0121140585202212,0.902590544822017,0.195875007765422,9.25760079517923,0.4512766353979,0.0193901085871621,0.000150441634228435,9.12423432937815,0.615464858448981,0.129028774956588,0.0112194818910356,0.0081742614632154,0,0,0.0214827295703454,0,0.0193901085871621
"102",115,NA,76,111,"AD052218D4KOT_T4","76_111_AD052218D4KOT_T4.fcs compensated","AD","5/22/2018","Thymus",1372,0,4,NA,NA,4,"KO",2.9,0.015,11.1,137310,128072,127091,122687,118987,10186,3553,86906,10416,9990,2104,67,105689,94,2,9697,86906,6215,1416,59,13,0,79620,7724,4,0.000563086723759738,0.0856059905703984,0.0298604049181843,0.730382310672595,0.0814962979148983,0.00940940940940941,0.000950570342205323,0.888239891752881,0.622122122122122,0.673003802281369,0.880597014925373,0.138297872340426,0,0.0062502626337331,0.950226495331423,0.331450494591846,8.1072436484658,0.904608906855371,0.00894107012624161,0.000315067010068295,9.85946279845697,0.591156923772251,0.223067443128353,0.00550396261776497,0.00123653097490576,0,0,0.00940940940940941,0,0.00894107012624162
"103",116,NA,77,113,"AD052218D4WTT_T3","77_113_AD052218D4WTT_T3.fcs compensated","AD","5/22/2018","Thymus",1372,0,3,NA,NA,4,"WT",2.9,0.012,9.3,239083,221607,219338,212915,207084,21419,7066,151381,14963,21027,4431,175,172880,492,4,13702,151381,13432,3124,154,222,2,140013,11699,4,0.000845067701995326,0.103431457765931,0.0341214193274227,0.731012535975739,0.0661663865870854,0.0233984876587245,0.000902730760550666,0.834830310405439,0.638797736243877,0.70503272399007,0.88,0.451219512195122,0.5,0.00785912962855653,0.961912557223156,0.317329199745031,6.79841658457438,0.615347395259895,0.0225072990989581,0.000286462829830766,7.76392188677059,0.614467564018711,0.223727470097828,0.00691603407312975,0.0101557325202616,0.000143231414915383,0,0.0233984876587245,0,0.0225072990989581
"104",117,NA,78,115,"AD052218D4KOT_T7","78_115_AD052218D4KOT_T7.fcs compensated","AD","5/22/2018","Thymus",1372,0,7,NA,NA,4,"KO",2.6,0.015,9.05,240623,224882,223233,215016,208759,20775,5248,160373,10830,20405,3431,204,178178,224,2,9830,160373,12378,2265,175,30,1,145044,8091,4,0.000977203378057952,0.0995166675448723,0.0251390359218046,0.768220771320039,0.0470877902270082,0.0109777015437393,0.000582920431361119,0.85351050733142,0.60661602548395,0.660157388516468,0.857843137254902,0.133928571428571,0.5,0.00884369057142447,0.900625841281095,0.227508275092331,6.95239798044635,0.426144501554424,0.00988680168816296,0.000132619221855046,7.72427009134936,0.546334068286076,0.15019126875084,0.00758649926470236,0.00132412522609325,6.6309610927523e-05,0,0.0109777015437393,0,0.00988680168816298
